a_0,a_1,a_2,class
T,DH,AE,T
T,DH,AH,T
UW,S,EH,D
EH,K,W,AH
AA,K,P,R
P,EY,Z,N
AH,L,IH,S
Z,AH,N,D
UW,R,EH,K
IY,B,IH,L
SH,AH,N,T
AH,S,T,R
AH,V,DH,AH
N,EH,N,T
F,AO,R,AH
P,AH,L,IH
L,AO,NG,T
IH,N,K,L
Y,UW,Z,D
SH,AH,N,Z
R,EH,D,IH
AH,K,AW,N
IH,NG,DH,AH
EY,SH,AH,N
W,IH,K,L
D,T,UW,D
ER,M,Z,IH
IH,N,S,T
EH,K,SH,AH
AH,Z,AE,T
AH,P,AO,R
S,K,AH,L
IH,R,DH,AH
R,T,ER,Z
AO,F,AA,N
R,K,AH,T
B,UH,K,S
AH,P,IH,R
IH,D,B,IH
D,IH,T,S
EH,F,AH,S
N,AH,V,IH
ER,D,IH,S
UW,IH,K,S
K,AH,T,K
N,IH,N,IH
ER,S,T,K
IH,L,S,AH
IH,T,D,IH
AH,N,T,S
IY,AH,N,D
T,R,IY,S
ER,N,EH,T
Y,UW,Z,D
AA,R,K,AH
HH,OW,L,D
L,N,IY,D
V,IY,EH,S
D,AH,K,T
F,AO,R,IH
K,ER,Z,D
S,AH,P,L
AO,R,S,AH
IH,S,T,AH
M,OW,S,T
AH,L,AA,R
EY,M,AH,N
UW,S,AE,T
R,AE,F,T
S,IH,N,IH
T,R,AY,IH
ER,EY,SH,AH
Z,AH,V,D
N,AH,B,AH
K,T,DH,AH
D,IH,S,K
AH,V,DH,AH
R,AE,V,AH
AH,JH,UH,R
AH,N,IY,D
R,M,ER,Z
N,D,IH,N
HH,AE,D,R
AH,Y,IH,R
P,EH,K,T
W,IH,L,N
DH,ER,D,AH
ER,DH,AH,IH
S,IH,NG,IH
L,D,OW,N
S,EH,N,T
P,AW,ER,AH
P,Y,AH,L
T,L,AE,S
L,AE,S,T
AE,N,AE,N
ER,F,AO,R
P,IY,Z,AH
R,EH,D,AH
T,K,AH,S
IH,N,AH,K
OW,T,AH,Z
S,EH,T,AH
B,EY,S,IH
L,F,IH,Z
AH,L,D,S
F,ER,S,T
K,SH,AH,N
L,P,R,AH
IH,N,D,AH
P,OW,N,D
Z,T,UW,D
OW,L,IY,AH
EY,L,D,T
Z,AE,K,T
S,T,B,AH
OW,TH,IH,N
ER,IH,NG,S
NG,T,AH,D
IY,Y,AA,L
R,AY,S,IH
Z,W,ER,D
CH,K,AH,T
D,IH,N,AH
S,AY,N,D
OW,S,T,IH
AH,K,AH,N
B,AE,NG,K
D,EH,T,K
IH,R,IY,AH
IH,N,K,R
ER,D,IH,N
D,EH,K,S
T,T,UW,R
HH,EH,D,S
R,EY,D,IH
JH,ER,Z,S
D,Z,W,IH
IY,Z,AA,N
AA,N,DH,AH
AH,K,AO,R
D,DH,AH,L
SH,AH,N,D
IY,AH,S,R
S,AH,N,D
EH,T,ER,AH
IY,EH,N,T
R,N,UW,S
L,IH,NG,T
AH,V,W,AH
IH,L,D,R
R,T,IY,Z
OW,K,AH,L
IH,Z,EH,N
AA,N,DH,AH
EY,T,AH,D
OW,W,IH,L
D,HH,EH,L
R,AA,P,T
T,S,F,R
Z,F,R,AH
AO,F,IH,S
ER,F,R,AH
R,IH,Z,AH
AA,T,AH,T
K,W,AY,T
SH,AH,N,T
IY,OW,K,AH
N,S,EH,D
T,IH,D,T
AA,R,K,AH
EY,D,P,R
Z,IH,N,K
UW,T,ER,Z
NG,T,AA,R
Z,AH,T,IH
TH,T,AA,R
SH,AH,N,IH
D,DH,EH,R
AH,M,P,AH
W,ER,D,R
N,TH,K,AH
M,AH,N,T
IH,R,Z,L
T,UW,K,R
T,IH,SH,AH
D,W,AY,D
S,T,AA,N
IH,L,Y,AH
CH,R,IH,S
K,W,AH,Z
AH,L,K,AH
EH,K,Y,AH
IY,Z,AH,N
D,R,IY,S
AE,S,T,T
D,IH,V,IH
EY,L,Z,AH
AE,N,Z,T
EH,N,D,AH
IY,R,IH,L
V,DH,AH,K
AH,L,S,L
N,D,HH,IH
W,IY,K,T
AH,V,DH,AH
N,AE,N,S
IY,P,EY,D
K,SH,AH,N
K,AY,N,D
T,S,T,R
Z,D,AE,N
IY,HH,AE,Z
W,AH,N,Z
AY,L,EH,K
AH,L,T,T
ER,D,IH,K
R,M,B,IH
D,DH,AH,D
R,IY,F,AH
EY,SH,AH,N
R,Y,IH,R
L,Y,AH,N
AH,S,T,T
K,S,AH,N
R,IY,K,AH
EH,D,IH,T
S,EH,D,IH
DH,AH,T,R
S,P,AH,S
S,G,EY,N
T,S,EH,D
T,N,AY,N
EH,D,AH,K
NG,K,AH,N
N,T,AA,N
DH,AH,EH,N
UW,AE,N,IH
W,AY,ER,D
D,R,IY,N
K,L,OW,Z
AH,M,IH,T
V,IH,N,K
EH,JH,UH,L
AA,R,Z,IH
JH,AH,Z,AH
HH,AE,Z,R
T,R,OW,L
D,W,UH,D
D,DH,AH,T
T,T,AH,D
T,UW,AE,K
IY,EH,S,S
K,W,EH,S
F,AO,R,AH
W,UH,D,R
AH,S,IH,Z
N,B,IH,T
R,EY,D,IH
AH,EH,TH,IH
M,AH,N,T
AH,T,ER,N
M,AE,N,D
S,AY,Z,D
L,R,IY,Z
UW,S,AH,K
IH,S,S,AH
AH,L,AA,R
T,P,AA,R
S,IH,N,S
K,R,IY,S
DH,AH,D,IH
JH,D,DH,AH
R,D,AH,N
D,W,IH,L
AO,NG,D,IH
T,S,IH,K
EH,N,D,AH
R,EY,D,IH
F,T,IH,N
AH,D,EH,N
S,F,R,AH
AH,CH,AE,Z
Z,AY,N,Z
M,AA,R,K
ER,N,AH,L
W,ER,L,D
AH,L,T,S
S,EY,L,AH
IH,N,EH,N
N,Z,W,IH
N,JH,AH,N
V,K,OW,L
M,AH,N,T
S,T,UW,R
K,EY,SH,AH
M,AH,N,T
R,IY,Z,T
M,AH,L,S
S,W,ER,R
T,AA,R,N
F,ER,M,Z
UW,R,UW,L
S,EH,L,S
S,G,EY,N
M,P,AH,N
N,M,EY,K
T,S,T,R
P,EH,R,D
V,IY,EH,S
ER,L,D,S
EY,D,ER,IH
IY,EY,T,AH
AH,F,AH,N
EH,N,IY,S
T,EY,K,AH
N,SH,AH,N
B,IH,N,AH
IH,NG,IH,N
K,AH,N,T
N,AH,T,AH
N,S,EH,D
AE,NG,K,S
K,R,AY,S
M,W,UH,D
N,Z,B,AH
P,R,IY,T
T,S,EH,D
V,IH,ZH,AH
D,Z,IH,N
T,ER,EH,N
P,EH,R,D
EH,R,IH,Z
AH,N,D,L
IH,NG,K,AH
L,P,R,AH
R,D,AH,N
ER,AH,L,L
AE,D,B,IH
ER,JH,S,IH
IY,D,IH,D
L,S,EH,N
K,AA,N,T
AO,R,G,AH
M,EH,T,R
N,Z,R,IH
NG,T,EH,K
UW,S,ER,Z
IH,L,OW,L
Z,B,AA,T
K,CH,ER,IH
OW,Z,D,S
R,D,AH,N
S,P,OY,N
N,D,IH,N
IH,M,AH,L
D,T,AO,K
T,IH,T,S
IY,S,ER,T
R,AA,F,AH
N,V,EH,S
L,D,EH,T
IH,NG,IH,N
IH,K,AO,Z
IH,N,Y,IH
EH,D,IY,IH
AH,T,W,IH
T,W,IH,L
NG,M,IH,L
DH,AH,R,AH
OY,D,IH,N
AY,AE,F,T
N,EY,SH,AH
IH,L,Y,AH
S,AO,R,S
EY,N,JH,L
S,AH,Z,AH
T,IY,AH,N
AH,P,F,R
AH,M,EH,S
M,EH,K,S
EH,N,S,T
V,R,IY,S
M,EY,T,AH
AY,N,Z,AH
AH,T,AO,R
T,IH,N,T
NG,DH,IH,S
AA,M,IH,K
AH,F,IH,T
S,OW,DH,AH
F,AE,M,AH
IY,P,AO,R
Z,N,AH,S
AA,N,T,S
F,L,EH,K
ER,R,AY,T
R,T,S,T
AA,Z,DH,AH
UH,R,AH,T
IY,EY,SH,AH
IY,K,EH,K
K,S,AE,T
P,L,AY,D
T,IH,D,T
AH,N,D,AH
IY,D,IH,K
N,IH,NG,Z
R,EY,D,D
AH,P,AH,T
M,B,ER,Z
ER,V,R,IH
N,DH,AH,L
AH,N,D,IH
AH,S,B,R
OW,T,AH,L
R,OW,Z,T
T,UW,S,AH
AH,T,AO,K
ER,F,AO,R
L,B,IY,IH
HH,IH,N,T
P,R,AY,S
P,IH,R,D
W,AO,R,AH
UW,P,AO,N
S,P,EH,K
UW,V,AH,L
S,P,OW,K
EY,SH,AH,N
IH,M,IH,T
AH,S,IH,T
Z,HH,AE,N
D,DH,IH,S
EY,DH,AH,S
M,OW,N,L
IY,S,AH,N
AH,T,W,IH
N,Z,AH,N
K,T,ER,Z
R,IH,Z,AH
S,IY,Z,AH
EH,R,IY,D
AH,V,EY,L
N,Y,UW,Z
IY,D,IH,S
D,IH,T,IH
EY,M,AH,N
ER,T,EY,K
ER,SH,AA,K
W,AH,L,T
N,EY,T,IH
AO,R,T,S
T,S,W,IH
D,EH,N,T
R,IH,Z,AH
IH,NG,K,AH
B,IY,IH,N
AH,L,Z,AH
D,DH,AH,N
P,EH,R,D
T,UW,F,AH
IH,T,W,IH
JH,AH,S,T
AH,K,AW,N
T,ER,DH,IH
AA,D,AH,K
S,K,S,IH
IY,M,EH,N
UW,IH,N,K
L,D,W,IH
F,DH,AH,IH
AE,P,AH,D
IH,Z,EH,N
AA,K,IH,N
Z,M,EY,N
P,HH,AE,D
AW,N,K,AH
SH,AH,N,T
G,Y,AH,L
N,AA,T,R
K,R,IY,S
AO,N,CH,K
DH,AH,AO,R
AA,Z,AO,L
V,HH,AE,D
S,T,ER,N
V,R,AH,K
AH,M,P,AH
EY,M,DH,AH
NG,K,AA,S
OW,L,D,R
AE,T,AE,T
S,EY,L,Z
AH,V,B,IH
UW,HH,OW,L
M,AA,N,AH
IH,N,AH,S
S,T,B,AH
AA,R,K,AH
N,S,IH,D
N,SH,AH,L
R,T,ER,Z
ER,K,K,AH
EH,K,T,S
EY,M,AH,N
Y,IH,R,N
S,T,R,IH
IH,N,DH,AH
K,L,OW,Z
IH,T,S,AH
DH,D,IH,T
Y,UW,N,AH
D,EH,K,S
EH,D,IH,T
IH,F,EH,K
AH,V,W,AH
UW,K,AE,R
T,UW,K,AH
SH,AH,N,IH
N,D,ER,R
AH,V,AH,S
N,AA,M,IH
S,T,W,IH
AH,M,IH,T
IH,R,AO,L
AH,L,T,S
AE,SH,AH,N
D,L,AY,K
L,B,IH,T
Y,UW,T,IH
R,T,S,IH
P,EH,SH,AH
IH,NG,EH,N
IY,S,EH,D
D,N,AA,T
D,S,T,IH
K,AE,F,T
N,D,AH,S
ER,Z,AA,R
N,P,AA,R
AW,T,EH,N
L,AH,N,S
R,P,AA,R
P,AA,R,T
AE,K,SH,AH
P,M,AH,N
M,P,AH,N
F,ER,M,T
R,W,ER,D
V,Z,W,IH
EH,T,IH,N
K,AO,Z,AH
AY,AH,B,IH
IH,L,Y,AH
M,IH,S,AH
D,D,IH,K
P,ER,EY,T
P,R,EH,Z
DH,IY,Z,N
M,AH,CH,S
N,AA,M,IH
IH,N,K,AH
D,AY,Z,S
S,T,EY,T
S,T,Y,IH
ER,ZH,AH,N
AH,IH,K,S
K,AE,P,AH
AH,CH,T,R
SH,AH,N,T
UW,IH,T,S
AH,F,AY,S
IH,P,M,AH
T,UW,D,IH
F,AH,V,IH
EH,S,IH,N
D,IY,OW,K
AH,D,EH,S
AY,Z,DH,AH
IH,K,AH,T
K,S,IY,D
UH,K,AH,S
Z,S,EH,D
IY,P,D,IH
L,AH,T,IH
Y,AH,N,K
AH,M,P,AH
AA,P,ER,T
N,HH,AE,N
AH,N,AH,Z
EH,R,Z,IH
AE,D,AH,D
K,ER,AH,N
UW,S,ER,Z
IH,K,S,T
T,UW,B,IH
AH,G,UH,D
D,AH,P,R
Z,D,DH,AH
HH,OW,L,D
SH,AH,N,K
T,S,EH,D
AH,N,S,IH
AO,R,T,IH
EH,R,M,AH
ER,CH,EH,R
Y,IY,L,D
K,S,M,AH
S,P,AO,R
N,DH,EH,R
OW,S,EH,D
R,AH,L,Z
IH,NG,P,R
R,M,AH,N
AH,N,T,S
P,AO,R,T
AH,L,AA,T
R,IY,S,AH
Z,AH,T,T
D,AA,N,T
T,IH,V,K
IY,AA,R,N
D,T,UW,R
K,Y,UH,R
EH,T,AH,N
P,L,AY,Z
D,IH,S,K
HH,AY,ER,T
AH,N,AH,L
S,P,AO,R
ER,EY,T,IH
S,CH,EY,N
Z,AH,K,R
AH,K,T,L
AE,NG,K,S
T,W,ER,S
IH,L,Y,AH
K,IY,AH,N
ER,M,Z,IH
K,AA,N,T
Z,AH,N,D
EH,D,IH,T
IH,N,S,T
S,T,AE,N
G,R,EY,D
L,T,UW,S
T,ER,B,IH
IY,F,F,AH
P,R,IH,N
N,P,AA,R
Z,IH,F,N
IY,D,IY,AH
EH,R,IY,AH
L,T,ER,L
N,D,ER,L
AE,D,B,IH
AH,D,IH,N
JH,AH,N,S
T,IH,D,N
UW,P,AH,L
R,AH,N,IH
T,DH,OW,Z
F,AO,R,R
AA,D,AH,K
AH,V,AY,D
EH,Z,AH,N
EY,K,DH,IH
AA,N,D,AH
T,AH,D,IH
P,AH,N,Z
IH,T,W,IH
UW,S,IH,T
L,R,EH,D
D,IH,K,R
L,AY,AH,N
D,F,AO,R
Z,S,EH,D
Z,F,R,AH
Z,IH,K,S
R,EH,P,R
N,IH,K,S
AH,S,IH,K
R,V,AH,S
ER,D,B,IH
V,AH,N,AH
K,W,AO,R
P,OY,N,T
S,P,OW,K
IY,W,AO,N
AH,N,T,S
T,R,IY,Z
AE,N,AH,L
AH,N,AH,N
AA,N,S,AH
P,AA,R,T
IY,EY,SH,AH
IY,S,AH,N
IH,N,D,AH
HH,AE,V,S
R,AH,N,D
P,AO,R,T
F,ER,AH,S
R,EY,N,IH
R,AH,D,AH
L,HH,IY,S
IY,W,AA,Z
W,IY,K,IH
D,DH,AH,T
EH,N,T,AH
AH,F,ER,D
N,D,ER,R
S,T,AH,T
V,IH,T,S
N,AH,L,N
AH,N,D,IH
D,AH,N,S
N,S,EH,L
SH,AH,N,Z
V,P,R,AH
V,IH,T,S
N,D,T,R
Z,AH,N,D
AH,N,Y,IH
T,EH,L,AH
N,CH,AH,N
M,AH,N,T
S,T,EY,T
L,IY,IH,N
D,IH,T,S
R,D,IH,D
SH,AH,L,S
N,G,EH,T
T,UW,IH,S
N,AW,N,S
IH,T,S,N
L,EY,T,IH
AE,N,SH,AH
S,DH,AE,N
UW,F,EH,D
IY,P,AA,L
EH,K,T,AH
T,UW,EH,N
AE,NG,K,R
AH,N,T,S
P,AA,R,T
B,AY,R,IH
IH,L,Y,AH
AY,N,IH,N
AH,M,IH,T
IH,NG,AE,Z
R,EH,K,AH
AH,P,AA,S
N,D,IH,N
IY,M,AH,N
SH,EH,R,IH
B,AO,R,D
AH,P,OW,Z
IH,N,K,R
UW,T,B,IH
IH,T,ER,N
M,P,EY,N
M,AH,N,D
D,T,AH,N
ER,EH,K,T
Z,AH,V,R
AE,Z,AH,D
EH,D,AE,Z
UH,R,AH,T
NG,AA,N,L
R,IH,N,D
S,T,EY,T
T,S,G,AH
ER,DH,IH,S
AO,R,M,AH
T,AH,T,IH
T,M,AH,N
EY,SH,AH,N
UW,N,AH,T
AH,N,S,T
DH,AH,S,T
T,IH,D,T
N,K,AH,N
AE,NG,K,S
D,S,IH,K
AE,Z,B,IH
OY,N,T,IH
EH,K,Y,AH
D,B,IY,IH
K,F,AO,R
AH,P,OW,S
EH,K,S,T
SH,AH,N,T
N,DH,AE,T
N,S,T,AH
W,AA,Z,N
D,IH,V,IH
P,OW,K,S
OW,S,EH,D
ER,DH,AE,N
M,AH,N,D
M,IH,N,IH
UW,D,IH,S
Z,S,EH,D
IH,SH,AH,L
N,SH,IY,S
EY,T,DH,AH
AA,R,K,T
EY,M,AY,T
R,AH,M,L
V,G,UH,D
AY,S,AH,Z
AH,D,AA,L
ER,Z,AH,N
NG,B,IH,Z
IH,P,M,AH
AH,N,T,T
L,UW,D,Z
D,W,UH,D
D,HH,IY,IH
M,B,AH,N
JH,V,AA,L
AH,N,T,S
AO,D,ER,IH
P,Y,UW,T
L,N,EH,K
M,AH,N,T
EY,S,EH,T
EH,R,IH,N
K,AH,N,T
D,IY,F,R
AO,R,S,T
AE,T,DH,AH
AE,NG,K,S
T,DH,AH,IH
L,K,AH,N
P,IY,P,AH
AE,SH,AH,N
F,AO,R,AH
IH,CH,AE,K
S,P,AH,S
AH,B,AW,T
M,ER,P,R
M,M,IH,N
EH,N,IY,R
AH,L,Z,IH
Y,AH,N,IH
Z,T,UW,IH
K,AH,M,IH
R,T,AE,K
IY,S,EH,D
AO,R,T,S
AH,S,AH,Z
Z,AA,R,S
IY,M,AA,R
B,AY,DH,AH
EY,Z,F,AH
M,AA,R,K
EH,K,T,IH
K,S,F,R
N,DH,AH,S
S,T,EY,K
AO,S,AH,K
UW,S,EH,T
V,AH,V,S
EH,F,AH,S
IH,R,P,R
AH,N,Z,IH
B,AE,NG,K
IH,D,IH,K
T,AH,V,D
NG,K,DH,AH
N,ER,AH,L
AH,T,IY,IH
R,AE,N,Z
D,S,L,AH
AH,K,AH,L
K,F,AO,R
R,K,EH,S
K,R,EH,D
NG,DH,AH,D
IH,K,AH,L
K,AA,N,AH
EY,N,JH,AH
EY,SH,AH,N
P,AH,L,AH
AH,M,EY,T
S,EH,V,R
HH,AE,Z,N
ER,CH,AH,S
S,R,EY,T
P,AH,T,AH
D,Z,B,AH
D,EH,D,L
N,AA,N,K
EY,T,AH,D
N,P,IH,R
W,IY,K,IH
D,ER,EH,K
Z,F,AO,R
F,IH,K,S
EH,P,T,AH
ER,W,EH,L
SH,AH,N,AH
T,UW,IH,N
EH,D,DH,AH
N,DH,EH,R
T,AH,N,Z
AH,HH,IY,L
EH,K,T,R
L,Y,AH,N
IH,N,DH,AH
N,HH,IH,Z
IH,DH,DH,AH
IH,N,V,AH
D,W,AH,N
Z,IH,N,T
S,AH,S,K
AE,Z,R,AH
D,R,AH,N
AH,S,T,AH
AE,K,T,IH
W,AH,N,S
S,T,AA,K
N,IH,R,L
K,CH,ER,IH
T,IH,SH,AH
AH,L,T,AH
IH,N,IH,S
T,UW,S,AH
S,AH,N,T
K,AO,R,D
V,D,EH,T
R,Z,AE,T
V,AH,N,D
DH,AH,Y,IH
AY,L,DH,AH
SH,EH,R,Z
W,AO,R,T
W,IH,D,AH
M,EY,K,IH
ER,N,AY,T
AH,L,DH,AH
P,L,AH,S
F,IH,K,S
R,IY,F,IH
EY,L,Z,AH
R,M,AH,N
P,R,AY,S
L,IH,M,AH
V,N,AY,N
S,F,AE,K
K,AA,M,AH
AH,Y,UW,N
T,P,IH,R
S,AH,B,S
K,R,IH,L
T,EH,L,AH
AH,M,P,AH
AO,NG,ER,N
N,Y,UW,D
EY,SH,AH,N
CH,R,IH,Z
IH,Z,AH,L
IY,M,AH,N
AE,Z,AH,R
M,AH,N,T
K,W,AH,S
EH,D,AE,N
B,ER,K,AH
UW,D,IH,S
L,ER,EY,T
IH,NG,IH,N
T,AH,M,AH
DH,AH,IH,N
T,ER,M,Z
UW,T,EH,S
L,Z,K,L
V,W,IY,T
CH,AH,S,IH
IH,N,AE,N
R,AH,S,T
G,AH,S,T
R,AE,M,IH
R,EY,D,D
IH,D,AH,R
ER,IY,D,AH
AH,L,IH,S
M,AH,N,T
L,IH,SH,T
S,JH,EH,N
N,ER,AH,L
HH,AE,Z,R
EY,N,JH,AH
AA,M,AH,N
AH,S,IY,Z
D,IY,EH,R
AH,L,IH,S
DH,AH,EH,K
AH,N,T,S
T,ER,IH,Z
IH,T,S,AH
T,AH,N,Z
V,IY,EH,S
IH,T,S,K
IH,DH,IH,N
EY,SH,AH,N
NG,K,AH,N
AE,NG,K,S
AH,P,AA,R
EH,K,T,T
D,F,AO,R
EY,T,AH,L
S,AH,S,T
S,AO,R,S
P,L,AE,N
T,EY,N,IH
B,R,OW,K
D,ER,EH,K
D,V,AE,N
L,IH,NG,L
P,ER,CH,AH
EH,K,T,T
ZH,AH,N,AH
AH,S,IY,N
AH,N,AH,S
AH,N,S,T
K,AE,P,AH
Z,F,R,AH
K,W,AH,Z
L,S,IY,T
AH,P,OW,Z
B,IY,K,AH
EY,L,Z,IH
N,TH,S,AH
AH,N,AH,L
EY,SH,AH,N
AH,S,T,R
Z,AH,B,R
Y,UW,N,AH
T,AH,M,AH
Z,AE,D,AH
S,F,AH,L
G,EY,N,Z
TH,IH,N,K
ER,AH,T,D
IY,OW,Z,AH
B,AW,T,K
F,R,AH,N
P,IY,K,S
N,R,IY,S
AH,M,AH,S
D,EH,N,T
T,IH,V,S
R,IY,S,T
AH,F,AH,K
K,AE,T,IH
IH,SH,AH,N
K,W,EH,N
F,AH,N,D
T,S,IH,K
UW,W,IY,K
IH,DH,HH,IH
T,S,IH,K
IY,L,D,S
JH,P,OY,N
IH,L,Y,AH
N,T,AA,N
IH,K,ER,AH
L,AO,D,IH
IY,S,EH,D
AH,N,IY,T
UW,L,AE,S
EH,D,HH,IH
T,AH,M,IH
T,F,AH,S
T,AH,V,AH
AH,D,UW,S
L,AE,S,T
AH,N,ER,Z
AY,M,EH,R
N,T,IH,L
EH,S,T,IH
N,T,S,T
AH,N,D,R
L,AH,D,IH
L,B,IY,N
V,Y,UW,AH
EH,D,AH,T
L,AY,Z,D
P,EH,SH,L
NG,L,EY,Z
V,EH,S,T
AH,V,DH,AH
D,AH,D,IH
Z,R,AH,S
AY,Z,P,R
N,S,ER,N
IY,L,IH,S
ER,M,S,AH
R,EY,Z,D
T,AH,B,AH
S,T,AA,K
AA,N,P,R
S,Y,IH,R
P,EH,N,D
S,EH,D,IH
R,IH,NG,T
D,ER,Z,AH
G,IH,V,IH
F,IH,SH,AH
OW,K,AH,L
IH,N,DH,AH
HH,EH,L,D
ER,B,AH,T
T,AH,F,IH
EH,D,ER,AH
B,AH,L,AH
N,DH,AH,D
IY,S,EH,D
S,K,DH,AH
D,DH,EH,R
HH,IY,AE,D
L,IY,V,Z
AY,S,AH,Z
SH,AH,L,Z
L,EY,SH,AH
D,M,EY,K
AH,T,EH,K
ER,EH,K,S
P,UH,T,D
AH,K,AO,R
T,F,AO,R
D,N,AA,T
EH,N,S,T
AH,F,AY,L
N,D,AH,D
T,OW,T,AH
T,D,AW,N
AH,L,AE,S
D,AA,N,AH
AA,P,AH,Z
IH,V,P,R
AY,R,M,AH
HH,IH,Z,K
IH,D,F,L
K,AH,M,IH
T,AH,N,D
W,EY,T,AH
AH,M,AA,N
L,AE,N,T
T,EH,L,AH
AH,N,S,T
R,IY,N,K
S,EH,D,IH
S,T,AA,K
L,OY,M,AH
AO,NG,G,AH
D,DH,AE,T
S,ER,V,AH
AH,N,D,K
S,ER,K,AH
NG,K,EH,S
AH,M,P,AH
IH,N,S,T
T,AA,R,IH
SH,AH,N,AH
NG,F,AO,R
AA,N,S,T
AH,N,AH,L
R,UW,DH,AH
N,EH,K,S
W,AA,Z,AH
T,N,ER,S
D,S,EY,IH
B,AO,R,D
EH,S,P,R
S,AA,R,IH
P,M,AH,N
N,T,AH,D
DH,AH,P,IH
IH,V,AH,T
AH,N,B,IH
T,ER,T,R
Y,UH,R,AH
AH,F,AY,D
N,D,ER,D
D,AH,V,AH
S,EH,T,IH
R,AE,K,T
AH,V,S,T
AH,T,K,AH
V,N,UW,K
P,EH,K,T
S,IY,V,D
V,IY,EH,S
F,AY,L,D
L,OW,ER,D
AH,R,EY,T
AO,F,ER,IH
EH,S,P,R
IH,K,S,S
P,AA,L,AH
IY,DH,AE,T
M,AA,R,K
AH,M,P,AH
N,SH,AH,L
P,ER,EY,T
T,IH,D,T
P,T,UW,D
AH,P,AA,Z
EH,N,SH,AH
AO,F,ER,S
D,V,AY,Z
IY,M,AA,R
L,AY,Z,D
CH,W,ER,AH
EY,SH,AH,N
N,T,S,R
EY,D,P,AH
T,M,AH,N
AH,TH,AO,R
IY,K,AH,N
K,UH,D,S
Z,AH,V,S
AH,N,T,T
V,AH,N,T
P,DH,AH,IH
T,EH,S,K
W,IY,T,AH
AH,L,W,AH
V,DH,AH,K
OW,AH,P,L
N,AO,F,AH
N,IY,EH,S
ER,N,AA,N
K,R,IY,S
AH,V,IH,T
K,AH,M,IH
IH,N,K,L
AE,B,S,AH
AH,V,DH,AH
ER,W,AY,Z
N,HH,AE,N
IY,DH,ER,AH
V,AY,D,IH
AH,V,AY,D
P,R,IH,N
L,IY,P,AH
AH,N,S,IH
S,AH,B,S
N,Z,IH,N
AH,N,T,R
L,OW,N,L
DH,AH,P,R
L,K,UH,D
S,T,AA,K
T,T,UW,D
T,HH,AE,Z
EH,T,K,R
AE,N,IH,N
AE,T,P,R
K,Y,UW,L
EY,T,IH,D
N,D,AH,D
IY,Z,DH,AH
IY,T,K,AH
AH,B,IH,L
M,IH,S,T
M,AH,K,AH
IH,N,S,AH
R,IH,Z,AH
AH,M,P,R
D,W,IH,L
N,D,K,R
D,IH,SH,AH
T,AW,ER,K
Z,B,IH,N
D,IH,S,K
D,P,EY,IH
NG,SH,EH,R
F,AH,N,D
AE,N,AH,L
SH,AH,N,Z
AH,N,D,R
T,UW,DH,AH
TH,IH,N,IH
IH,N,IH,T
EY,T,IH,D
EH,N,D,AH
EY,SH,AH,N
L,AE,S,T
AA,T,AE,N
N,S,IH,S
AH,T,OW,T
Z,AH,W,AH
SH,T,IH,N
EH,N,T,AH
T,UW,S,AH
IH,S,M,IH
AH,V,DH,AH
N,D,S,IH
AH,V,DH,AH
CH,T,AO,L
AH,L,Z,T
T,Y,IH,R
R,IY,M,AH
AY,Z,D,AH
DH,AH,W,AH
UH,R,AH,T
IH,N,T,IH
N,W,IH,L
L,AE,S,T
EH,S,T,AH
P,EH,K,T
AA,M,EH,N
M,EY,N,T
S,IH,V,T
AO,R,AH,N
S,AH,Z,S
K,AH,N,D
AO,R,T,S
AH,N,IH,N
N,IH,R,L
D,IH,S,K
IH,L,OW,T
K,AO,L,D
S,T,AA,K
D,DH,AE,T
T,M,IY,T
S,P,EH,K
P,AA,L,AH
T,R,EY,T
P,AH,N,T
R,IY,AE,K
V,D,S,AH
AE,Z,S,T
R,HH,OW,L
IH,V,N,AH
T,ER,M,AH
L,D,ER,IH
IY,Z,AA,R
ER,IY,D,IH
L,B,IY,N
AH,M,AH,N
P,EY,JH,AH
EY,K,ER,Z
Y,AH,N,L
IY,M,AH,N
AH,N,T,L
AE,T,AE,Z
OW,L,W,IH
AH,N,D,K
T,IY,AH,N
AH,V,DH,AH
S,DH,AH,IH
AH,N,AH,N
HH,AE,D,N
L,IY,R,IH
JH,M,AH,N
IH,N,S,AH
AA,M,AH,N
T,EH,L,AH
K,AH,T,IH
AH,Z,EH,N
N,OW,IH,N
AE,SH,AH,N
F,AA,L,Z
EH,N,D,Z
W,IH,DH,IH
ER,T,AE,K
W,IH,CH,R
ER,Z,IH,N
T,W,UH,D
V,ER,DH,AH
EH,D,DH,AH
EH,D,IH,T
IH,L,R,IH
N,T,R,AH
N,AH,JH,D
AH,V,DH,AH
D,R,EY,T
D,DH,AE,T
AA,N,DH,AH
K,S,EH,D
V,B,AY,L
Z,AE,M,AH
R,AA,D,AH
SH,AH,N,Z
IH,L,M,IH
AH,M,P,AH
T,IH,T,S
SH,AH,L,S
EH,N,SH,AH
T,EH,N,S
AH,T,D,R
L,W,AA,Z
Z,F,AO,R
W,AO,R,T
N,EY,T,IH
IH,T,S,D
N,SH,EH,R
Z,N,OW,IH
L,IY,DH,AH
T,IH,Z,K
T,S,IH,N
OW,T,AH,L
IY,HH,AE,Z
D,IH,NG,R
AA,N,IH,T
IH,S,T,IH
IH,NG,AA,N
IH,NG,T,AH
S,EH,D,IH
S,EH,T,S
S,B,AA,R
AO,R,DH,AH
T,EY,SH,AH
AH,V,DH,AH
AH,T,AH,L
T,AH,N,D
N,D,S,T
T,AH,N,AH
M,T,UW,D
N,DH,AH,AH
N,D,Z,T
Z,R,IY,K
EH,JH,IH,S
T,K,AH,T
P,R,IY,T
EY,T,M,AH
F,IH,SH,AH
N,AH,N,D
S,T,AE,N
DH,ER,AH,N
AY,AW,T,AH
K,T,S,T
AH,L,IH,K
B,AE,NG,K
IH,K,AH,L
K,T,W,IH
AH,Y,IH,R
Z,F,AA,L
S,AO,R,S
R,DH,AE,N
T,R,IH,K
N,IH,K,S
K,Y,AH,T
AH,N,IH,T
P,R,EH,Z
Z,IH,N,S
S,T,UW,R
S,EH,D,IH
N,S,EH,K
Z,S,AY,T
S,AO,R,S
S,AH,M,AH
K,SH,AH,N
ER,Z,DH,AH
EH,R,IH,Z
T,AH,D,T
IH,DH,AH,S
ER,EY,SH,AH
Y,UW,T,AH
F,IH,T,S
P,ER,EY,T
K,T,S,T
K,AO,Z,AH
R,IY,JH,AH
R,AH,SH,T
P,AO,R,D
AH,L,DH,AH
N,AH,F,T
DH,AE,N,IH
AH,V,AE,S
AH,N,S,T
AA,Z,IY,K
M,EY,T,AH
NG,K,AH,N
D,IH,T,S
T,G,EH,R
DH,AH,R,IH
AH,T,AH,D
ER,T,AH,D
Z,B,IH,L
AH,D,DH,AH
D,IH,N,K
IH,NG,D,IH
P,AE,S,T
SH,AH,L,Z
AH,N,IY,S
UW,W,ER,K
AO,R,G,AH
R,D,IH,Z
EH,K,SH,AH
AH,M,TH,IH
V,EH,L,AH
IY,D,AW,N
AH,N,UW,L
NG,K,AA,S
IH,JH,AH,N
AE,N,D,IH
AH,R,IY,S
R,AH,L,IH
IH,P,F,L
ER,T,UW,R
AA,D,AH,K
N,AH,L,T
V,EH,S,T
N,AH,F,IH
N,T,AH,D
IY,S,T,S
EY,SH,AH,N
P,EH,N,S
UW,AH,N,D
T,M,AH,N
S,EH,D,IH
S,P,EH,N
AH,P,IH,R
T,UW,P,R
V,DH,AH,K
AE,P,L,AH
T,IH,D,T
OY,L,R,IH
AH,N,IH,N
AH,T,T,R
D,IH,N,D
AH,L,AH,N
K,SH,AH,N
Z,S,IH,K
G,UH,D,R
AE,V,B,IH
M,AH,T,IH
AH,TH,AO,R
AA,B,IH,T
R,UW,T,S
K,Y,UH,R
Z,L,IH,T
D,Z,P,R
AA,R,Z,T
N,EY,T,IH
P,R,AH,D
ER,DH,AE,T
AH,M,AH,N
IH,NG,AH,S
M,AH,N,N
R,UW,P,AH
D,DH,AH,AH
UH,D,K,AH
JH,AH,N,S
AH,V,AA,R
AA,T,G,IH
Z,D,UW,T
F,AO,R,AH
B,EY,S,AH
Z,S,EH,D
SH,UW,W,IH
AH,N,T,R
M,AH,N,T
M,P,AH,N
N,R,IH,Z
N,EH,T,L
R,R,IY,S
UW,IH,N,T
L,D,AW,T
AW,N,T,S
OW,B,AA,N
N,D,P,R
V,IY,AH,S
IH,N,T,R
AH,N,Z,L
D,IH,T,S
P,AH,Z,IH
V,DH,EH,R
IH,V,AH,N
S,L,AE,S
L,AW,DH,AH
M,R,IH,Z
AH,V,AA,L
V,IY,EH,S
S,AH,N,IH
B,IY,DH,AH
T,R,AH,L
IH,N,T,R
AH,IH,K,S
AO,L,AE,N
B,UW,S,T
S,AH,N,T
AH,Y,IH,R
T,IH,D,L
IH,N,D,IH
P,R,EH,D
B,AY,DH,AH
ER,AE,M,AH
OW,L,EH,D
T,R,EY,D
AE,SH,AH,N
L,F,AA,R
AW,N,T,AH
IY,D,P,R
AH,N,IH,N
K,AW,N,T
P,HH,IY,S
AH,N,EH,S
D,EH,F,AH
S,W,AA,N
Z,IH,N,K
AH,V,HH,IH
EH,F,AH,S
JH,UH,L,D
AE,N,Y,AH
K,AA,N,AH
UH,R,AH,T
R,IY,Z,T
IH,R,W,IH
NG,AE,S,AH
IH,NG,W,IH
ER,EY,SH,AH
D,M,OW,S
AO,R,M,AH
L,AH,V,AH
P,R,EH,S
AY,S,P,R
AO,R,AH,T
Z,AH,N,D
K,AA,N,T
IH,K,ER,AH
L,IY,V,Z
UW,Z,D,IH
W,EY,S,IH
N,S,AH,L
EH,S,AW,T
AH,P,F,R
F,AY,N,AH
IH,F,DH,AH
AH,K,SH,AH
N,IH,SH,AH
L,IH,T,IH
T,IH,D,T
UW,F,AO,R
UW,T,EH,S
S,EH,D,IH
IH,R,EH,S
HH,AA,R,D
K,R,EH,D
M,AH,N,T
P,S,EH,D
ER,DH,AE,N
CH,UH,R,Z
M,AY,N,IH
AH,N,T,R
T,M,AH,N
IH,L,Y,AH
IH,V,IH,D
AH,L,ER,T
AY,N,D,D
T,IY,Z,D
M,AE,N,AH
AO,R,D,D
HH,OW,L,D
DH,AH,AO,T
AH,N,IY,S
AA,N,D,D
DH,EH,R,K
P,EH,K,T
IH,D,EH,N
AE,Z,L,IH
R,EY,T,IH
AH,V,DH,AH
V,AH,S,AH
AY,Y,UW,S
K,AH,S,AH
D,AH,N,S
AO,R,IY,AH
R,IY,T,R
P,EY,M,AH
AH,D,W,IH
ER,D,T,R
AH,TH,ER,D
EH,D,IH,T
P,AH,B,L
Y,EH,S,T
T,ER,M,Z
R,EH,S,T
M,P,EH,R
AH,L,R,IH
Z,ER,V,Z
IH,N,D,AH
IH,V,EH,L
JH,EH,K,T
EY,SH,AH,N
AY,R,M,AH
NG,G,AH,L
AE,Z,IH,N
JH,M,AH,N
M,P,AH,N
IH,N,K,L
EY,N,S,T
L,S,OW,N
L,EH,N,D
ER,AH,N,T
S,EH,T,AH
AH,T,IY,Z
AH,M,P,AH
AH,S,AY,AH
D,R,IH,Z
K,AH,N,T
EH,D,DH,AH
L,UW,D,Z
AA,D,AH,K
R,AA,F,AH
UH,L,Y,IH
AH,TH,AO,R
IH,S,T,R
EH,N,ER,AH
T,AH,M,AH
V,P,AA,R
K,S,P,L
M,P,EH,R
L,IH,K,S
AH,T,P,R
N,T,IH,N
K,AA,S,T
ER,AH,N,D
IH,Z,AY,N
K,AH,L,Z
S,IH,N,D
S,T,AH,N
AY,N,AH,L
R,AY,S,AH
K,AH,N,T
N,K,IH,L
AH,D,EH,N
S,DH,AE,N
ER,D,Z,AH
W,IY,K,S
W,EH,N,S
AE,CH,ER,AH
AH,M,AH,L
ER,M,AH,N
S,EH,D,T
DH,AH,G,R
P,L,EY,N
M,AH,K,AH
S,P,AA,L
UW,DH,AH,AH
IY,IH,K,S
IH,NG,S,K
T,IH,D,N
T,AH,N,Z
TH,R,UW,AH
AE,T,IH,T
AH,V,W,AH
W,AA,Z,AH
M,P,EH,T
AH,V,DH,AH
T,AH,T,IH
AA,L,V,D
IY,F,OW,K
V,AE,N,AH
D,Z,W,IH
IH,G,N,AH
S,EY,M,R
AH,K,T,S
P,ER,P,AH
AH,P,AO,R
S,T,ER,T
P,R,EH,Z
V,EH,L,AH
EH,S,P,R
IY,W,AA,Z
EH,S,T,AH
AA,D,AH,K
M,B,ER,T
T,OW,T,AH
DH,AH,EH,K
IH,T,S,S
M,B,ER,AH
TH,AH,N,Z
AH,V,DH,AH
R,OW,W,IH
F,AH,S,AH
N,UW,Z,N
K,SH,AH,N
AH,N,UW,Z
S,IH,K,S
P,L,AE,N
AH,S,T,T
T,T,OW,T
AH,D,UW,S
AH,AH,F,IH
AE,N,AH,D
ER,W,AH,N
P,R,AY,S
AE,Z,AE,N
L,D,ER,Z
N,T,IH,K
R,IY,AH,D
M,DH,AH,IH
S,T,M,AH
T,IH,V,Z
AH,V,F,AH
NG,DH,AH,N
AH,K,AO,R
S,P,IH,R
EH,S,P,R
AA,R,K,AH
AE,D,AH,D
D,N,AA,T
EH,N,T,IH
R,T,S,D
W,AA,Z,IH
AA,M,AH,N
AH,K,AH,N
F,EH,K,T
AH,D,EY,AH
IH,N,DH,AH
T,S,IH,K
UW,Z,D,IH
T,S,OY,L
B,AW,N,D
AA,Z,D,IH
IY,AW,T,L
ER,L,OW,K
IH,N,F,L
K,T,AH,D
B,Z,AA,N
IH,T,S,T
IY,HH,AE,Z
R,EH,N,D
IH,P,B,IH
T,F,AO,R
V,IH,JH,AH
AH,N,AH,L
N,IH,S,AH
AH,D,UW,S
N,S,EH,T
DH,EH,R,D
HH,AE,D,N
D,S,IH,N
DH,AE,T,IH
T,AE,Z,R
D,IH,T,IH
ER,IH,N,K
S,T,S,AH
N,S,T,AH
AH,V,DH,AH
AA,S,EH,S
AH,V,DH,IH
AY,Z,D,S
AH,D,IH,K
W,ER,IH,K
S,AH,T,IH
T,AH,JH,IH
N,SH,UH,R
AE,Z,DH,AH
AH,G,EH,N
IY,Z,D,S
DH,AH,AE,K
S,EH,D,IH
N,Z,IH,N
CH,W,IH,L
D,DH,EH,R
S,L,AA,R
T,HH,IY,S
R,IY,Y,IH
Z,W,IY,K
EY,D,IH,N
P,L,AE,N
AH,M,EH,N
AH,T,S,IH
R,AY,V,AH
UW,CH,ER,Z
V,IY,EH,S
P,OW,Z,D
AH,L,EY,T
T,L,IY,S
Z,HH,IY,S
R,AE,N,Z
AO,K,L,AH
AO,S,AH,Z
L,V,D,IH
AE,N,SH,AH
DH,AH,Y,IH
P,R,AH,D
EH,D,DH,AH
AH,N,AE,N
D,DH,AH,IH
K,AH,M,IH
N,D,P,R
AA,R,R,AH
S,T,W,AH
EY,S,IH,Z
M,IH,S,T
P,L,AE,N
IH,S,T,S
SH,AH,N,AH
ER,V,EY,S
UW,EY,SH,AH
L,M,IH,N
D,EH,T,AH
Z,T,UW,T
AA,M,AH,N
AH,SH,AO,R
W,IY,K,S
CH,W,AA,Z
N,IH,K,S
EH,K,AH,N
R,M,AA,R
IH,N,K,L
AH,L,AH,S
AH,V,AY,D
IH,F,S,AH
AH,M,P,L
IY,SH,AH,N
N,OW,T,S
NG,AH,N,D
D,AY,Z,S
S,EH,D,IH
R,M,AH,N
V,AY,D,Z
IY,P,ER,S
D,IH,L,IH
AA,R,D,AH
OW,DH,IH,S
IH,N,AE,N
UW,G,EH,T
N,K,W,IH
AH,S,T,R
UW,B,IY,IH
AH,M,P,AH
M,P,EH,R
P,AO,R,T
EH,N,D,IH
IH,S,T,AH
F,AO,R,S
P,AE,K,AH
N,EY,SH,AH
M,T,UW,K
L,IY,OW,IH
T,UW,B,IH
K,AH,N,T
P,Y,AH,T
EH,Z,AH,D
L,OW,N,AH
R,AH,L,IH
AY,IH,NG,R
DH,AH,K,L
EY,K,IH,T
S,EY,L,Z
IH,K,S,K
EH,N,D,IH
S,EH,D,T
AY,S,AH,Z
AH,L,M,AH
V,ER,IY,AH
IY,P,AO,R
F,AO,R,K
AA,N,T,R
M,AH,N,S
ER,AH,N,T
K,S,M,AH
T,EH,S,T
IH,T,R,AH
D,DH,AE,T
IH,NG,P,R
T,EY,N,D
Y,UW,AH,L
IH,L,Y,AH
D,B,AY,L
T,EY,L,Z
Z,F,AW,N
EY,B,AH,T
IH,N,S,AH
T,AH,N,AH
SH,N,AH,S
Z,W,EH,L
S,L,AO,S
W,AO,R,T
B,EH,N,AH
DH,ER,K,AH
AH,V,DH,AH
AA,N,IH,T
UW,D,IH,S
SH,EH,R,Z
T,EY,T,IH
R,AA,D,AH
ER,B,IH,Z
AH,L,P,L
S,IH,Z,N
S,IH,S,T
K,S,M,AH
EH,N,JH,AH
IH,HH,AY,N
AH,EH,K,S
AH,L,S,AH
S,F,AO,R
Z,N,AA,T
EH,K,S,T
S,DH,AH,R
R,UW,DH,AH
P,L,AH,S
M,B,ER,Z
S,EH,T,IH
S,HH,IY,S
L,Z,IH,N
EH,G,Y,AH
AH,B,AW,T
S,Y,IH,R
N,Y,UW,N
N,ER,IY,AH
SH,L,IY,IH
N,IH,N,IH
AH,B,AH,L
UW,AH,P,R
AA,T,AH,R
NG,S,IH,S
M,AW,N,T
AA,N,D,Z
ER,EH,K,T
Z,AH,V,K
ER,D,IY,L
AA,S,AH,K
AO,R,D,IH
AO,R,D,Z
IH,N,DH,AH
AY,N,D,T
P,R,AY,S
IH,M,AH,L
N,D,DH,AH
IH,K,AO,Z
S,OW,L,D
W,IH,N,T
AH,L,Z,S
D,HH,IY,S
SH,AH,N,AH
N,AO,R,D
L,AH,N,S
T,AH,N,S
UW,R,IH,Z
AH,M,P,AH
R,EY,SH,AH
EH,N,T,AH
V,D,D,IH
N,AE,SH,AH
IH,K,AO,Z
K,AO,L,T
T,AA,K,IH
T,AH,V,L
AH,N,T,IH
T,V,AE,L
Z,W,AA,Z
P,AA,N,D
EH,N,D,AH
Y,IH,R,AH
T,R,EY,D
M,AW,ER,Z
V,R,AH,L
IH,N,T,R
SH,AH,N,AH
N,S,AH,Z
N,AH,L,D
K,AH,L,AH
W,IH,DH,K
AH,L,F,AH
AH,SH,EH,R
AE,K,T,AH
T,Y,IH,R
D,M,IH,N
R,T,P,R
L,R,IH,D
N,V,ER,T
B,IY,L,IH
R,K,AH,T
S,T,IH,D
S,T,IH,D
T,UW,N,AH
AH,JH,OY,N
P,T,IH,D
IH,N,DH,AH
P,ER,P,AH
IY,Y,IH,R
ER,AH,N,T
AA,N,S,T
L,T,UW,IH
IH,K,AH,L
T,R,AE,T
EH,D,IY,IH
IY,K,AH,N
AH,V,DH,AH
EH,D,ER,AH
S,B,AO,R
UH,D,Z,IH
AH,L,M,AH
DH,AH,IH,N
TH,IH,NG,K
Z,AA,R,N
T,AH,W,AH
N,L,AY,N
AH,B,AH,L
N,DH,AE,T
L,AH,K,AH
HH,AE,V,AH
IY,D,AH,D
IH,SH,UW,D
IH,N,K,R
K,SH,AH,N
IH,M,AE,N
IH,DH,DH,AH
K,W,AH,T
EH,K,AH,N
IH,K,R,IH
R,IH,NG,K
S,F,EH,L
M,AE,N,D
AA,V,AH,N
P,EH,L,IH
S,T,ER,N
S,M,AO,L
AH,M,EH,N
DH,EH,N,R
AH,P,AE,S
K,AH,T,S
R,AY,V,AH
ER,Z,IH,Z
N,IH,Z,IH
Z,W,IH,L
EY,SH,AH,N
T,UW,R,AH
UW,EY,SH,AH
T,ER,IH,Z
IH,L,OW,N
R,IY,S,AH
T,R,AE,N
R,EH,K,AH
R,S,EH,D
ZH,AH,N,L
Z,D,IH,N
AH,R,AH,K
M,S,EH,L
D,K,ER,AH
N,W,EH,L
V,P,AH,L
N,T,ER,N
IY,V,IH,N
D,AH,Y,IH
S,T,UW,IH
AO,S,AH,Z
R,AH,M,AH
AO,L,DH,AH
S,AH,B,AH
AH,D,IY,D
Z,IH,NG,S
R,M,AE,N
T,AA,R,T
S,IH,K,T
AO,R,IY,IH
R,L,EH,S
OW,S,EH,D
TH,IH,NG,K
T,D,R,AH
N,F,AH,N
AE,Z,AH,N
B,AE,S,K
AH,N,S,T
T,R,IH,Z
K,L,UW,D
G,UH,D,T
L,AO,NG,R
T,UW,AE,N
EH,F,AH,S
S,P,EH,N
K,R,IY,S
SH,AH,N,AH
ER,AH,L,K
AO,R,DH,AH
IY,P,AO,R
AH,N,IH,N
AY,OY,L,T
AA,N,DH,AH
T,M,AH,S
EH,N,D,IH
S,F,AO,R
AA,R,SH,AH
T,N,OW,T
D,IH,T,AH
EY,M,TH,IH
S,B,IH,D
P,L,AE,N
T,ER,S,T
ER,AH,N,T
W,IH,DH,AH
EH,D,DH,AH
V,R,EY,L
AH,S,T,D
EY,T,IH,D
R,HH,OW,L
AH,SH,EH,R
T,IY,IH,N
Z,AH,N,D
P,F,AO,R
F,ER,S,T
DH,AH,M,AH
EY,T,S,S
M,AH,N,T
S,IH,Z,R
S,EH,D,IH
SH,EH,R,K
IH,D,IH,N
R,AH,N,T
R,AH,N,S
T,T,UW,AH
N,SH,UH,R
UH,D,AH,L
M,P,IY,T
R,K,AH,T
S,EH,D,IH
N,AH,L,D
IY,L,ER,Z
AO,R,S,AH
S,K,AY,N
AH,B,AW,T
AH,G,EH,N
N,T,IH,D
S,IY,M,AH
P,EH,R,IH
R,AY,T,N
DH,AH,P,R
N,AH,K,AH
AE,NG,K,S
IY,Z,AH,L
IH,D,S,IH
AH,G,P,R
AE,N,AH,L
UW,P,W,IH
AH,B,S,T
B,AH,JH,IH
K,SH,AH,S
IH,P,AO,R
P,AA,R,K
EH,V,AH,N
L,AO,L,S
R,AE,K,T
EH,DH,ER,IH
EH,N,IY,D
DH,AH,IH,N
K,R,IY,S
N,IH,G,Z
DH,IH,S,S
P,AW,ER,AH
K,W,OW,T
K,S,DH,AH
F,T,ER,AH
D,IY,M,AH
P,AE,K,T
S,AO,R,S
N,D,AH,S
UH,T,AH,N
S,T,S,D
JH,AH,S,L
AO,R,G,AH
S,IH,S,T
EY,B,AH,L
L,AE,S,T
P,AY,P,L
K,SH,AH,N
N,D,K,AH
W,EH,N,T
AH,R,IH,K
M,AH,K,AH
AW,N,T,IH
N,Y,ER,S
N,T,IY,S
IH,N,AH,R
S,IY,V,K
TH,Y,IH,R
IH,NG,K,IH
N,T,ER,S
L,D,Z,T
S,IH,L,IH
AA,R,S,AH
T,UW,R,IH
R,W,ER,K
AH,B,AE,K
UW,M,EY,K
IH,K,S,T
AH,R,EY,N
T,EY,K,IH
ER,AH,V,AH
D,P,EY,IH
W,ER,IH,N
OW,T,AH,D
N,B,EY,S
S,EY,L,Z
S,AH,L,T
L,OW,N,N
P,EH,R,D
T,P,UH,T
V,IY,EH,S
EH,P,T,D
S,IY,K,T
K,R,UW,D
AH,M,P,AH
AY,AH,G,R
AH,N,IH,N
F,R,EY,N
M,AH,N,T
NG,AH,V,IH
AH,N,T,S
AH,L,ER,Z
V,R,AH,S
K,IH,Z,AH
F,AO,R,AH
IH,Z,L,IH
AH,V,M,IH
IY,HH,IY,S
R,T,S,T
CH,UW,AH,L
T,OW,T,AH
D,W,AH,N
ER,K,AO,L
AH,P,T,IH
ER,V,AY,S
IH,NG,IH,N
B,IH,Z,N
IH,SH,AH,N
T,IH,K,S
IH,Z,AA,N
AH,N,T,IH
UW,IH,Z,R
OW,T,AH,L
T,W,AA,N
AY,S,P,R
R,IY,M,AH
R,IY,EY,T
N,D,DH,AH
IH,NG,AH,L
N,D,AW,T
EH,K,T,IH
L,R,EH,D
F,ER,AH,N
T,IH,T,S
N,AH,V,L
L,Y,AH,N
N,CH,ER,Z
OY,L,P,R
S,P,EH,K
IH,N,DH,AH
IH,T,EY,L
T,UW,DH,AH
D,IH,NG,L
AH,N,AH,L
D,S,P,R
DH,EH,R,R
T,F,AO,R
EH,D,IH,N
OW,Z,IH,Z
T,UW,K,AH
M,AA,R,K
L,TH,AH,K
V,S,EH,K
EH,SH,AH,N
ER,T,AY,T
L,IY,G,AH
Z,IH,Z,T
V,S,IH,K
F,ER,T,S
M,IH,L,AH
G,R,IY,D
T,AE,K,S
L,S,OW,D
D,EH,K,S
AH,M,IH,Z
R,AA,F,AH
AH,N,D,S
V,OW,T,IH
AA,R,K,AH
AH,M,EY,N
N,R,EY,N
R,AO,D,L
R,AY,Z,IH
M,EY,K,IH
G,IH,V,AH
N,T,R,AH
AH,N,K,L
S,T,Y,IH
ER,F,AO,R
N,T,M,AH
AH,B,AW,T
D,HH,IH,R
N,UW,IH,K
R,D,AH,N
EY,M,AH,N
D,AH,TH,R
M,B,IH,Z
ER,AH,N,T
R,IY,CH,T
EY,IH,NG,S
AE,N,AH,N
UH,K,P,L
L,S,OW,K
L,IH,NG,AH
N,T,AE,T
S,T,ER,AH
IH,R,Z,T
K,AO,R,D
UW,IH,N,K
ER,M,AH,N
S,T,EY,K
F,AE,K,T
T,AH,F,IH
K,IH,K,S
S,CH,EY,N
IH,R,AA,N
D,L,AA,R
S,P,EH,K
N,F,AO,R
AH,L,IH,T
V,DH,IH,S
K,SH,AH,N
K,AW,N,T
S,P,R,AH
R,AH,S,T
IY,P,AO,R
V,DH,AH,D
Z,T,R,AH
T,UW,G,R
AH,HH,EH,D
M,AH,N,AH
Z,AH,N,D
AE,CH,AH,Z
AA,R,K,AH
M,T,AH,D
T,S,M,AH
S,IY,AH,T
IH,R,DH,AH
IH,N,D,AH
IH,K,W,IH
P,L,AE,N
IH,K,W,IH
Y,UW,Z,IH
AH,N,IY,S
K,R,UW,D
L,EH,V,AH
S,EH,SH,AH
TH,R,UW,AH
S,K,OW,K
T,UW,DH,AH
V,P,AH,Z
M,AO,R,K
AO,F,ER,Z
S,IH,K,S
F,EH,K,T
P,AA,L,AH
D,AE,Z,S
DH,AH,P,L
T,AA,R,T
R,UW,P,S
IH,Z,N,AH
OW,S,IY,AH
T,AE,Z,AH
T,EY,K,S
IH,SH,AH,L
N,P,R,AH
EY,D,IH,S
ER,L,EH,S
S,AO,R,S
F,M,AO,R
T,R,AY,T
M,EY,D,K
K,T,S,AH
EH,T,S,AH
AH,G,EH,N
T,SH,AO,R
D,L,IY,AH
N,K,UH,D
IH,N,DH,AH
L,W,IH,L
ER,F,AO,R
AH,N,D,IH
EY,SH,AH,N
V,DH,AH,K
AH,T,AO,R
AH,P,AH,L
AH,L,T,AH
EY,S,EH,R
Z,F,R,AH
SH,AH,V,K
L,IH,SH,IH
S,AH,L,T
N,D,IH,Z
S,AH,Z,T
UW,D,IH,K
AH,W,IY,K
AA,M,OY,L
T,F,AO,R
IH,NG,K,IH
M,EY,D,S
R,IH,K,T
M,AH,N,D
R,IH,L,IH
IH,L,EH,K
AH,N,AY,N
AE,K,T,IH
W,AH,N,S
SH,AH,N,Z
AH,T,IY,Z
IH,R,F,AH
R,AY,T,D
IH,L,TH,R
M,CH,EY,N
IY,N,OW,T
EH,D,IH,T
IY,K,AH,N
EH,D,AE,L
T,R,AH,L
IH,P,EH,N
S,AY,N,IH
V,HH,IH,Z
T,IH,Z,AH
K,T,AH,S
T,IH,K,L
L,IH,M,AH
D,EH,L,AH
F,ER,S,T
AH,D,DH,AH
B,IY,D,IH
V,EH,S,T
AH,N,AH,L
N,AH,L,IH
L,D,EH,S
AA,R,D,AH
N,IH,K,AH
N,AW,W,IH
D,IH,N,S
W,IH,L,K
D,S,EH,L
AA,K,AA,T
D,P,UH,T
SH,EH,R,Z
P,EH,K,T
AE,NG,K,IH
S,T,AO,T
K,T,EH,S
K,AE,N,D
L,Y,AH,N
B,AO,R,D
Z,HH,AY,L
N,T,UW,D
IY,K,S,T
V,ER,IY,IH
IH,L,Y,AH
T,OW,T,AH
R,T,S,AH
S,P,ER,T
CH,AH,S,AH
NG,DH,AE,T
L,IH,M,AH
L,IY,S,T
D,L,AO,S
D,HH,AE,Z
N,S,DH,AH
N,D,D,IH
IH,SH,AH,L
B,JH,EH,K
IH,R,IH,N
IY,L,AA,R
T,IH,S,AH
K,SH,AH,N
AH,P,M,AH
AH,M,P,AH
IH,V,EH,L
AE,N,SH,AH
B,R,EY,K
IH,T,HH,IH
AH,L,P,R
AH,R,IH,K
T,OW,T,AH
Z,W,IY,D
NG,K,DH,AH
W,IH,L,K
AO,R,D,AH
AY,N,AO,R
SH,AH,N,T
EY,P,ER,Z
L,IH,M,AH
Z,T,AE,K
OW,Z,AH,L
AH,K,AH,N
ER,S,UW,IH
T,M,AH,N
T,ER,S,T
S,HH,AE,D
Y,UW,JH,D
JH,EH,K,T
M,AA,R,K
W,AH,N,T
AW,N,S,T
N,CH,AH,N
M,Y,AH,L
DH,ER,W,AH
AH,N,D,S
AH,N,JH,IH
R,EY,D,IH
AA,R,K,AH
L,OW,ER,S
F,L,AO,R
IY,S,IH,N
AH,N,T,IH
AH,L,Z,S
T,M,EH,T
AH,K,SH,AH
T,OW,T,AH
S,AH,Z,IH
V,AO,L,S
AH,D,AE,T
R,EY,D,D
IY,T,AE,L
N,Z,B,AH
EH,D,IH,T
L,AY,T,AH
F,IY,P,R
UW,AH,L,S
EH,S,EH,K
D,AH,N,T
EH,S,K,L
F,IH,T,S
S,T,AH,N
CH,T,UW,R
AH,S,T,AH
Z,K,UH,D
EH,N,IY,K
D,S,EY,L
F,IH,N,IH
IH,Z,DH,AH
R,T,AA,R
OW,T,AH,L
L,IH,S,T
IY,F,AO,R
F,ER,DH,AH
AH,N,T,L
N,AE,SH,AH
NG,AH,K,R
AH,D,IY,L
S,EY,L,Z
L,AY,T,L
T,AA,K,T
T,UW,B,R
T,DH,AE,T
AH,N,Z,IH
AO,TH,ER,AH
AE,Z,AH,K
AH,S,AH,Z
D,M,IH,N
T,IH,N,K
G,N,EY,T
IH,T,AH,L
T,AH,L,Z
SH,AH,L,N
EH,R,IY,IH
B,AE,NG,K
L,IY,S,T
IH,DH,DH,AH
T,AA,N,IH
M,P,AO,R
AH,S,EY,L
N,AH,T,IH
S,L,AY,T
IY,P,EY,D
EH,R,IY,S
R,AE,K,T
AH,M,P,AH
N,D,AH,L
EY,SH,AH,N
T,K,AH,N
N,S,IH,D
IH,K,S,AH
M,EH,N,T
EY,SH,AH,N
UW,OW,P,AH
D,AE,T,S
T,ER,M,Z
SH,IY,EY,T
T,UW,IH,K
IY,M,AH,N
AH,P,OW,Z
Z,K,IY,N
R,AH,M,T
AH,D,EH,T
AA,M,AH,N
ER,Z,S,T
AO,R,S,AH
T,EY,T,S
T,F,R,AH
HH,AE,D,N
G,Z,EH,K
N,W,AO,N
D,N,AA,T
M,P,AO,R
AH,N,M,AH
Z,M,EH,N
L,Y,AH,N
S,AH,S,K
AE,NG,K,S
AH,P,AO,R
R,T,AH,N
AO,R,S,AH
F,AE,K,T
N,JH,D,S
AH,R,IH,Z
D,T,UW,S
N,T,R,AH
R,L,AY,K
AH,M,IH,S
S,EH,P,T
ER,P,AE,S
EH,S,EH,S
AH,N,Z,AH
IY,S,AW,N
IY,AO,R,AH
S,EH,SH,AH
IH,K,S,T
D,IH,NG,S
V,ER,M,AH
K,AO,L,D
IH,N,UW,IH
L,G,AE,S
EH,S,T,IH
F,AO,R,AH
T,ER,IY,Z
G,Y,ER,Z
L,K,AA,N
IH,P,P,R
N,Z,B,AH
IH,R,AH,N
UW,P,AO,N
Z,F,AO,R
P,R,AY,S
ER,K,IH,L
N,Z,W,IH
OW,V,ER,K
AH,P,AH,L
M,AA,R,K
T,R,AH,K
F,IH,SH,AH
S,T,Y,IH
R,F,R,AH
IH,K,W,IH
K,S,M,AH
M,AH,N,T
D,L,AY,N
AH,DH,ER,L
D,UW,S,AH
JH,AH,S,T
Z,T,UW,AH
AH,F,ER,S
L,Y,AH,N
DH,AE,N,AH
IH,N,K,R
AY,N,D,T
OY,K,AA,T
HH,AE,V,T
AY,N,D,IH
V,AH,L,AH
R,K,AH,T
D,AH,F,AH
AH,M,AA,D
P,AH,Z,IH
T,W,UH,D
IY,L,AO,S
SH,AH,N,Z
N,AH,M,IH
Z,AO,L,S
K,Y,UH,R
P,AO,R,T
AA,T,P,R
K,AO,R,T
AH,M,IH,S
B,IH,N,IH
SH,AH,N,AH
AH,N,T,K
K,AA,N,S
IY,S,T,S
EY,SH,AH,N
T,IH,D,IH
SH,AH,N,AH
AH,N,T,D
HH,AY,P,L
V,V,AY,S
R,AW,N,D
P,EH,N,D
EH,R,Z,K
EH,R,T,R
EH,P,IH,N
IH,D,AY,Z
S,AH,N,D
F,AO,R,AH
AO,R,AE,N
AO,R,TH,K
IH,S,T,R
B,IY,D,R
ER,IY,IH,Z
SH,AH,N,Z
R,EH,S,R
SH,EH,R,Z
R,M,AH,N
M,P,AO,R
N,Z,B,IH
AH,N,AE,N
R,T,ER,AH
K,AH,N,D
IY,EH,S,N
IH,V,AY,Z
DH,AE,T,K
S,IH,N,S
EH,P,R,AH
W,IH,DH,IH
N,T,IH,N
AA,R,K,AH
D,AH,D,AH
AO,R,AW,T
IH,S,Y,IH
AA,L,OW,IH
CH,ER,Z,D
D,M,AE,N
R,AH,K,S
IH,T,S,AH
V,AE,N,AH
M,AH,N,T
IY,P,EY,D
S,AH,B,S
NG,AH,N,D
UW,B,IY,D
L,IH,NG,T
R,IY,CH,IH
AH,N,D,AH
S,AH,CH,K
NG,L,OW,N
OW,IH,K,S
AA,N,AH,T
R,IY,S,IH
IH,Z,AH,L
L,EH,N,D
IH,L,P,L
T,ER,IH,Z
F,EH,K,T
P,ER,EH,R
CH,EH,N,D
M,B,ER,AH
IH,F,ER,AH
AH,V,IH,N
AH,L,T,IH
T,UW,G,IH
D,L,EH,T
N,AH,V,S
AO,R,S,AH
S,P,AO,R
AH,AE,T,AH
IH,NG,N,IH
D,DH,AH,K
Y,IH,R,Z
AH,M,IH,N
N,AH,V,IH
W,IH,L,R
S,AH,B,L
EY,T,D,IH
AH,N,IH,K
IY,L,D,Z
T,AO,L,S
N,AH,M,AH
IH,M,IY,D
S,T,EY,K
N,AE,F,T
L,D,DH,AH
IH,N,F,L
T,R,EY,D
W,AA,Z,N
K,S,W,IH
D,R,IY,K
V,EH,N,D
AE,SH,AH,N
AH,V,DH,AH
S,T,K,L
R,T,S,AH
AO,R,T,S
ER,IH,K,S
S,IY,D,Z
AE,Z,AE,S
N,D,P,R
V,N,UW,Z
AH,N,TH,S
AH,K,ER,AH
M,W,EH,R
K,AH,N,D
F,IH,S,K
AH,F,F,IH
T,R,AE,N
M,P,AH,N
S,K,ER,AH
S,AH,N,D
DH,AH,F,IH
IH,NG,AH,S
AH,N,D,S
R,EY,T,S
AH,M,AH,S
S,P,EH,K
R,AH,D,AH
AH,N,AE,N
F,EH,K,T
R,IY,AW,T
EH,N,EH,K
T,M,AA,R
T,IH,N,T
IH,T,IH,Z
IH,DH,DH,AH
W,EY,JH,K
S,IH,N,T
R,R,EY,T
IH,N,DH,AH
L,P,IH,K
K,EY,SH,AH
P,L,AE,S
S,L,AY,T
AH,N,T,R
UW,R,AY,Z
AH,N,T,AH
M,P,AO,R
IH,M,IY,D
N,S,DH,AH
M,EH,N,T
Y,AH,T,IH
D,IH,NG,S
R,IY,S,T
T,HH,AE,Z
T,IY,AH,N
UH,SH,IH,N
N,T,W,IH
T,R,IY,AH
AH,N,IY,Z
S,EH,D,IH
F,AH,T,N
V,IY,EH,S
AH,L,IY,IH
N,AH,G,R
OW,S,AO,R
Z,IH,SH,AH
UW,IH,N,K
IH,R,IY,AH
V,IH,T,S
UH,SH,AH,L
F,ER,S,T
N,AA,M,IH
EH,N,S,T
T,UW,DH,AH
S,AH,V,K
R,EY,Z,R
W,ER,AW,T
D,M,IH,N
EH,R,IH,K
R,K,AH,T
AH,V,IH,N
AO,R,D,AH
AE,K,SH,AH
W,AO,R,D
JH,IH,S,T
M,AH,JH,AH
EH,N,D,IH
AH,N,D,D
IY,F,AO,R
S,S,IY,N
K,W,AA,Z
AA,Z,R,IH
HH,OW,L,D
OW,V,ER,S
AO,R,AH,N
K,SH,AH,N
P,R,AY,Z
L,P,ER,S
UH,L,D,AH
P,AA,Z,IH
IH,S,T,S
T,UW,AE,N
N,AE,K,T
L,F,AO,R
AW,P,EY,Z
L,OW,T,IH
V,EH,S,T
N,AA,M,AH
D,EY,EH,S
Z,L,AO,N
K,W,AH,T
IH,R,B,IH
IY,AH,P,R
IH,K,AO,Z
D,UW,S,IH
S,T,OW,T
T,K,ER,AH
N,AA,R,T
SH,IY,EY,T
EH,JH,IH,S
IH,NG,IH,N
S,W,UH,D
NG,T,UW,S
S,T,EY,K
UW,P,R,IH
AH,JH,ER,Z
N,DH,AH,T
N,AO,S,T
AE,S,T,T
N,AA,T,IH
N,D,D,IH
D,DH,AH,D
V,ER,M,AH
L,EH,V,AH
Z,AH,V,K
IY,D,AY,L
AE,K,S,S
AH,V,DH,AH
IH,N,DH,AH
AH,P,IH,N
AH,F,ER,S
N,T,UW,D
M,AE,N,D
P,R,EH,Z
P,OW,Z,D
R,OW,HH,IH
S,T,S,AH
N,L,IY,IH
K,S,EH,S
R,D,IH,S
IH,NG,W,AH
W,AA,Z,IH
T,AH,D,AH
EH,D,P,R
IH,L,K,AH
S,T,UW,K
D,B,AY,S
T,R,IY,AH
D,IH,K,L
EY,T,OY,L
S,T,AA,R
S,EH,D,IH
Y,UW,T,IH
AH,N,T,S
ER,D,Z,AH
AH,N,IY,K
EH,N,D,IH
EH,R,AH,L
R,IY,AH,L
AH,D,DH,AH
P,OY,N,T
K,AO,Z,AH
AH,N,AH,N
S,T,IH,K
R,IY,S,AH
S,T,DH,AH
ER,T,EY,N
N,Z,AH,N
EH,S,T,AH
AE,N,D,IH
F,AO,R,AH
SH,AH,L,D
ER,IH,JH,D
K,AW,N,T
K,AH,T,D
AE,K,T,K
P,R,AY,S
N,ER,AH,L
AH,V,AO,R
IH,S,K,AH
D,AH,S,AH
M,P,AH,N
M,AH,N,T
V,IY,EH,S
OW,N,AH,N
G,R,AE,N
D,IH,N,T
S,ER,N,Z
K,AA,M,AH
T,OW,L,D
AH,N,S,T
IY,W,IY,K
L,M,OW,S
R,AH,N,R
R,EH,P,R
AH,EH,S,T
G,R,EH,S
N,T,F,L
Z,W,UH,D
D,IH,NG,AH
Z,AH,N,D
AH,IH,N,D
M,P,AH,N
K,M,AA,R
Y,AH,L,AH
AH,P,AA,Z
EY,SH,AH,N
L,IH,NG,IH
V,HH,AY,S
AE,V,R,IH
T,AH,N,D
F,AH,T,S
T,S,W,IH
AH,N,D,IH
Z,IH,N,IH
DH,AH,Y,IH
K,SH,AH,N
R,AA,R,S
AE,NG,K,K
K,S,M,AH
M,IH,N,AH
T,IH,N,D
IY,AH,L,IH
IH,L,Y,AH
AH,N,S,IH
IY,AH,M,AH
R,AH,V,IH
M,EY,D,T
ER,AH,N,T
AH,F,AO,R
Z,F,AO,R
W,IH,CH,K
EY,AH,G,R
EY,T,W,IH
S,T,AE,N
AO,R,D,IH
T,UW,IH,N
T,UW,DH,AH
AH,N,T,AH
R,IH,L,IH
AA,R,P,R
DH,AH,EH,R
AE,N,AH,L
IH,N,S,IH
AE,Z,AH,T
S,T,UW,IH
R,T,ER,AH
W,AH,N,K
S,P,AE,N
T,ER,EH,N
V,AY,D,Z
IH,K,AH,L
EH,D,P,R
W,IH,L,T
IH,N,K,AH
OW,N,DH,AH
L,UW,D,Z
L,IY,AH,T
N,AH,L,L
P,AH,Z,IH
S,AH,N,D
AH,N,EH,S
EH,D,D,IH
AH,D,AH,K
IH,N,D,AH
S,IH,S,T
AH,S,T,AH
R,IH,N,S
D,IH,N,T
S,W,IH,L
V,AY,R,AH
AY,AA,K,S
G,EH,N,S
P,L,OY,Z
IY,S,IH,R
V,P,IH,R
UW,T,EY,K
B,AY,DH,AH
L,AE,N,T
N,AA,L,AH
P,ER,P,AH
R,IH,Z,AH
K,ER,AH,N
P,ER,CH,AH
B,IH,D,Z
EH,Z,AH,D
N,TH,AE,D
T,ER,M,D
AH,B,AH,L
IY,P,AO,R
IH,N,EH,K
V,IY,EH,S
N,K,ER,D
V,IH,T,S
CH,W,AA,Z
DH,AE,T,R
S,P,AY,T
G,Y,AH,L
AO,R,D,IH
IH,D,IH,N
AE,T,AH,N
D,ER,DH,AH
UW,V,M,AH
K,AH,S,T
N,V,AA,L
P,R,AY,Z
T,UW,DH,AH
S,AH,G,R
T,EH,N,D
ER,V,EY,S
EH,T,AH,N
L,M,AH,N
AA,N,K,L
T,SH,IY,IH
EH,L,AH,T
P,L,EY,S
D,IH,K,S
T,M,AH,N
T,S,IH,N
AY,M,EH,R
IY,S,T,R
M,AH,N,T
P,ER,EY,T
W,EH,L,IH
S,T,EY,T
P,ER,P,R
S,T,AE,N
V,AY,V,IH
R,EY,T,IH
EH,R,IY,AH
AH,D,AH,K
R,T,D,IH
L,K,AO,R
AH,D,UW,S
AH,N,D,N
AA,R,Z,D
D,R,OW,Z
AH,Y,IH,R
T,IH,NG,AH
AH,M,IY,T
DH,AH,F,AH
IH,G,AA,R
EH,N,T,IH
AO,R,T,S
L,AH,M,IH
N,T,AE,T
R,IH,L,D
AH,K,EY,T
AA,M,B,AH
AW,N,T,S
IY,B,IY,S
T,AH,V,IH
L,EY,N,D
Z,S,EH,D
Y,IH,R,Z
T,OW,T,AH
T,S,EH,D
ER,EY,SH,AH
N,IH,NG,K
EY,SH,AH,N
T,B,EY,S
Y,UW,IH,T
AH,D,IY,Z
IY,IH,N,K
Z,W,AA,Z
S,T,S,AH
S,T,M,AH
JH,M,AH,N
AH,T,S,AH
ER,AH,L,IH
N,Z,AA,N
ER,SH,AH,L
EY,JH,AH,N
S,P,AA,R
S,AH,N,D
IH,SH,UW,D
P,L,OY,D
R,IY,AH,N
AH,B,AW,T
N,D,B,IH
IH,Z,AH,L
EH,K,OW,D
R,IY,M,AH
EH,K,N,AH
M,F,AO,R
N,F,R,AH
S,EH,D,IH
P,EH,K,T
M,AH,M,AH
AH,N,M,IH
DH,AH,K,AH
N,T,IH,T
IH,P,L,AH
N,V,EH,S
K,T,ER,Z
N,D,IH,T
CH,DH,AH,K
M,AO,F,AH
D,UW,S,T
Z,IH,NG,K
AW,N,R,IH
IY,SH,AH,N
IY,W,EH,N
N,D,D,IH
N,T,UW,IH
N,D,R,IH
SH,AH,N,AH
K,T,W,IH
K,R,EH,D
W,IH,DH,IH
S,EY,L,Z
T,IH,N,K
D,IH,N,K
ER,S,EH,N
AH,F,AO,R
AO,NG,ER,IH
D,F,AE,T
N,D,AH,S
NG,K,S,IH
D,IH,T,S
AA,P,T,S
AH,N,AA,N
HH,AE,Z,R
K,S,IH,N
AH,N,L,IH
ER,AH,V,S
V,IY,EH,S
IH,L,Y,AH
EY,L,AE,K
D,IY,EH,R
AH,JH,OY,N
L,SH,EH,R
F,IH,T,S
N,V,AA,L
AH,N,T,R
M,B,ER,AH
Z,IH,NG,AH
ER,K,AO,L
T,UW,L,T
IH,F,ER,AH
EH,R,D,AH
AH,D,AA,N
N,Z,AA,N
K,D,EH,L
OW,DH,AH,K
F,ER,S,T
T,AA,K,S
N,D,AH,N
IH,D,EH,N
D,EH,N,D
W,AO,R,AH
AH,V,S,IH
AE,N,AW,N
V,D,IH,T
V,D,DH,AH
IH,T,S,T
T,AA,K,S
N,D,F,IH
Z,P,R,AH
T,EY,N,D
K,AA,S,T
B,AH,L,Z
S,IH,N,K
S,T,AA,R
AA,T,R,IH
R,S,IH,K
AH,N,B,AH
AH,N,D,T
N,D,ER,R
AH,N,D,Z
D,Z,T,R
Z,AH,N,D
CH,HH,AE,Z
V,IY,EH,S
IH,N,P,R
M,B,AH,S
S,T,AA,K
T,R,EY,D
B,IY,S,K
K,AW,N,T
T,R,EY,D
AE,T,IH,T
T,AH,L,R
S,P,AA,N
AH,B,AH,L
P,L,IY,Z
T,S,EH,L
D,L,AE,S
N,UW,K,AH
NG,AA,N,D
N,F,R,AH
P,OY,N,T
L,AO,F,IH
AH,M,AE,S
L,EY,T,S
T,S,AH,N
M,AH,L,T
D,F,R,AH
AH,L,EH,T
K,AH,T,S
DH,AH,K,AH
AH,V,AH,D
S,P,OY,N
Z,ER,Z,AH
SH,EH,R,Z
T,IH,V,T
AE,T,DH,AH
D,V,AY,S
T,OW,N,D
IH,N,K,AH
HH,AW,Z,IH
N,EH,T,K
P,L,EY,N
DH,AH,S,IH
T,AH,D,T
K,AH,N,T
AY,M,AE,Z
N,W,AA,Z
AA,Z,IH,K
D,EY,EH,S
AH,N,IY,S
K,T,UW,S
R,AY,Z,AH
T,S,K,AH
UW,DH,AH,IH
AA,N,T,R
B,HH,AY,R
IH,K,AO,Z
AO,R,DH,AH
S,AH,N,D
L,Z,DH,AH
T,T,R,AH
D,P,R,AH
T,R,EY,D
EY,SH,AH,N
N,AH,N,D
AH,M,AE,N
B,AH,L,IH
T,R,EY,D
T,R,EY,D
N,IH,N,D
AH,N,JH,D
AH,P,ER,Z
L,AE,S,T
S,IH,S,T
K,SH,AH,N
N,D,IH,N
NG,D,IH,S
R,JH,K,AH
G,R,EY,T
S,EH,D,IH
AA,T,D,IH
D,AA,P,T
SH,IY,EY,T
Z,DH,AH,S
Z,DH,AE,T
EH,N,T,S
AY,N,ER,D
ER,V,AH,S
AE,N,D,IH
JH,M,AH,N
N,D,ER,R
AY,N,AH,S
W,IY,IH,K
S,T,AE,N
T,S,K,R
M,P,AH,T
IH,NG,W,IH
AH,N,S,IH
P,AE,S,AH
L,P,R,AH
S,AH,Z,T
P,EH,T,AH
T,F,AO,R
T,IH,K,S
SH,AH,L,T
R,IY,AH,L
K,AO,R,D
DH,AH,D,IH
T,ER,AH,L
L,AE,S,T
AE,N,SH,AH
T,EH,N,D
IY,F,AO,R
S,W,UH,D
UW,Y,IH,R
P,OY,N,T
IH,R,IY,AH
AA,L,AH,S
SH,AH,N,T
S,AH,M,AH
EH,D,DH,AH
T,S,W,IH
EY,L,Z,T
EH,D,IH,T
M,P,AH,N
D,EY,SH,AH
R,AH,L,R
AY,Z,AH,S
IH,G,N,IH
AY,S,P,R
AH,S,IY,Z
P,AH,N,D
M,L,AY,N
R,IY,M,AH
UW,W,AH,N
R,IY,S,AH
IY,S,ER,T
M,AH,N,T
IH,NG,W,IH
ER,R,AY,T
AH,ER,EY,N
S,T,EY,T
B,IH,Z,N
CH,ER,AH,L
S,AH,S,AH
DH,AH,EH,N
IH,N,DH,AH
IH,N,DH,AH
IY,K,IH,N
V,IY,EH,S
D,AH,Y,IH
IH,D,AH,L
S,AH,N,D
K,T,AH,D
CH,AH,Z,AH
D,IH,SH,AH
L,S,EH,D
UW,W,AH,T
N,DH,AH,N
HH,AE,Z,S
T,AE,T,AH
AH,L,IH,T
DH,AH,D,IH
P,R,AY,AH
UW,L,B,IH
P,R,AA,D
EY,L,Z,AH
EH,V,AH,L
OW,AE,Z,T
T,IH,V,L
G,Y,ER,Z
D,T,UW,D
AH,N,D,IH
IH,N,AO,R
IH,K,S,T
N,P,EY,D
K,UH,D,R
EH,N,D,IH
AA,S,EH,S
AH,TH,ER,D
AA,N,D,AH
AA,N,T,R
S,T,IH,K
D,IH,K,L
AH,B,AW,T
W,AY,D,AH
IY,P,AO,R
EH,M,P,R
V,AH,L,Z
B,EH,R,L
EY,JH,ER,IH
R,AO,Z,T
N,D,IH,N
D,EH,K,S
ER,N,AY,L
EH,L,P,T
S,IH,K,S
AO,R,S,AH
R,AH,D,AH
T,UW,IH,N
HH,EH,L,D
AH,V,DH,AH
UW,M,AH,N
IH,F,IH,K
N,Y,IH,R
EH,S,T,IH
EH,D,DH,AH
N,S,M,AH
R,IH,NG,AH
AA,R,K,AH
AH,B,EY,T
R,OW,G,R
EH,D,IH,T
EH,S,K,AH
S,K,AH,N
T,EY,K,S
IH,DH,AH,D
N,UW,P,R
AH,W,ER,L
S,T,AA,R
IY,AH,JH,AH
DH,AH,IH,K
R,R,AY,Z
DH,IH,T,S
K,ER,Z,IH
IY,EY,SH,AH
W,UH,D,S
L,EH,K,T
M,AH,N,T
EH,N,T,AH
V,P,AA,R
R,AH,D,AH
D,DH,AH,T
CH,AH,N,D
AO,R,M,AH
R,S,AH,Z
T,IH,K,S
EH,R,M,AH
S,M,OW,K
AH,L,T,AH
IH,K,AA,N
S,EH,N,S
W,IY,K,AH
AY,Y,UW,S
T,T,EY,K
T,AH,B,L
AA,P,AH,Z
R,AH,P,T
AO,R,S,S
T,F,AA,R
S,T,AH,D
L,EY,SH,AH
Z,AA,N,AH
S,T,AH,N
T,R,AH,K
AH,K,SH,AH
T,M,AH,N
UW,AH,L,R
N,IY,R,AH
N,T,EH,N
AH,N,T,S
UW,P,R,AH
DH,AH,AE,D
EH,K,T,T
G,Y,AH,L
IY,R,AH,S
EH,D,IH,N
B,AH,B,L
UW,AH,L,Z
Y,AH,N,R
AA,P,SH,AH
DH,AH,R,IH
T,UW,D,IH
R,AE,M,Z
T,R,AH,S
G,EY,JH,IH
S,T,R,AH
IH,R,IY,Z
N,AH,T,S
IY,W,IH,L
L,N,AA,T
N,CH,EH,Z
AE,S,K,T
NG,AH,V,K
R,IY,M,AH
N,D,IH,N
EH,T,IH,Z
R,F,AO,R
ER,D,Z,IH
AA,L,V,IH
AE,NG,K,K
N,T,R,AH
AA,R,D,T
M,EY,K,S
AE,NG,K,AH
IY,W,AA,Z
AH,AO,R,D
AW,T,AE,N
EH,N,SH,AH
N,CH,ER,Z
UW,V,AH,L
AE,N,S,T
K,EY,S,AH
AO,R,AH,K
R,EY,D,IH
V,S,EH,D
IH,R,IY,AH
AH,M,P,AH
AO,Z,IH,T
UW,L,AW,T
T,ER,N,D
R,G,UH,D
UW,B,IH,D
AH,D,UW,S
T,M,AH,N
IH,L,Y,AH
EY,SH,AH,N
K,AH,N,S
AH,N,AH,L
W,IH,CH,IH
S,AH,L,T
Z,AH,N,D
EY,D,UW,N
CH,OW,N,Z
AH,N,W,IH
Y,UW,S,AH
ER,L,IY,AH
SH,EH,R,Z
N,M,OW,S
Z,P,AA,R
ER,AY,Z,D
N,D,AH,L
R,EH,D,IH
V,L,IY,IH
EH,V,AH,N
M,AH,N,T
N,D,S,AH
IH,T,W,IH
R,M,AH,N
K,SH,AH,N
V,IY,EH,S
N,JH,F,L
N,AA,T,S
IH,N,K,AH
UW,F,AO,R
AY,D,IH,T
V,ER,M,AH
EH,N,CH,AH
R,OW,HH,IH
AA,L,V,D
AH,EH,K,S
EH,K,S,AH
DH,AH,K,AH
P,EY,M,AH
IH,N,D,Z
D,IH,K,L
IY,M,IH,S
L,AY,T,D
S,T,AA,K
R,IY,D,T
T,W,AA,Z
AH,B,AW,T
T,R,AY,AH
AE,T,DH,AH
IY,P,AO,R
N,HH,AW,K
AA,R,K,AH
R,IY,Z,T
K,OW,F,AH
EH,D,AH,T
AH,SH,AH,N
OW,K,ER,IH
AO,R,DH,AH
AE,K,W,AH
IY,Z,AH,N
NG,K,S,D
K,SH,AH,N
T,R,AE,K
N,S,DH,AH
EH,V,AH,L
IH,NG,IH,K
IH,N,F,IH
EH,R,AH,N
T,AE,N,D
L,Z,F,R
N,T,UW,D
AH,IH,K,S
JH,UH,L,D
K,AA,S,T
L,CH,ER,AH
N,AH,S,T
AA,L,OW,AH
EY,Z,D,IH
NG,IH,T,S
M,EY,D,IH
M,AA,R,K
AO,R,DH,AH
NG,TH,AH,N
IH,K,Y,AH
N,D,B,IH
ER,P,R,AH
AO,Z,DH,AH
OW,ER,Z,AH
AH,K,SH,AH
B,ER,Z,R
IY,W,AH,N
D,N,AA,T
IH,N,AH,D
Z,IH,N,D
P,AH,Z,IH
AH,CH,IH,T
EH,D,DH,AH
W,IH,DH,IH
AH,M,P,AH
M,AH,N,T
AH,L,AY,T
IY,M,AW,T
L,K,ER,AH
S,AH,N,D
AA,JH,EH,K
S,ER,EY,N
L,AH,V,S
R,IH,Z,IH
R,K,AH,T
AW,N,D,S
F,AO,R,K
S,ER,P,L
IY,M,AH,N
W,IH,DH,K
EH,T,S,D
P,AA,Z,IH
Y,IH,R,AH
S,T,AE,N
T,R,AH,K
DH,AH,K,AH
AY,AH,B,AH
R,W,ER,D
SH,AH,N,T
N,D,IH,N
AA,Z,IH,T
P,AH,B,L
S,P,EH,K
S,S,EH,D
AH,V,IH,R
P,AO,R,T
M,AH,N,T
IH,SH,T,IH
AO,R,AH,N
AH,N,AH,N
N,AA,N,K
SH,AH,N,Z
AO,R,DH,AH
W,IH,CH,AH
T,DH,AH,L
S,L,AA,R
R,IY,Z,IH
P,EY,AH,T
S,EH,D,IH
G,UH,D,Z
IH,T,IH,D
AH,T,AA,R
AE,D,AH,R
IH,S,T,S
K,AA,N,AH
IY,S,AH,Z
V,D,IH,N
L,AY,N,Z
F,AO,R,K
P,AO,R,T
IH,Z,IH,Z
K,R,EH,D
L,AE,S,T
Z,IH,F,N
R,AA,D,AH
IY,IH,NG,K
IH,N,D,AH
IH,S,B,IH
R,AE,N,Z
M,P,L,AH
IH,S,IH,N
R,M,AH,L
N,T,W,IH
R,AA,F,AH
V,IY,EH,S
G,EY,T,S
D,IH,SH,AH
L,AY,N,IH
M,AH,N,T
IY,Z,W,IH
L,G,AE,S
R,AH,K,AH
R,T,IY,AH
SH,AH,L,Z
IH,SH,AH,L
N,DH,AH,K
UW,SH,AH,T
S,P,AO,R
V,EH,L,AH
T,EH,N,D
AH,K,ER,AH
OW,T,AH,D
AA,N,R,IH
T,R,EY,T
L,AE,N,Z
K,AH,P,AH
DH,IH,T,S
DH,AH,M,IH
Z,IH,T,IH
M,OW,S,T
S,DH,AH,K
L,AH,N,S
UW,S,T,IH
V,AY,T,AH
T,AE,N,IH
AO,R,T,T
AH,N,AH,N
T,S,K,AH
AH,V,DH,AH
ZH,AH,N,AH
EH,N,D,AH
Y,UW,AH,L
UW,D,AE,T
Z,IH,NG,K
AH,B,AH,L
T,Y,IH,R
DH,AH,S,AH
UW,IH,NG,S
T,IH,Z,AH
Y,UW,N,AH
N,DH,AH,K
Z,EH,K,AH
S,AA,N,IH
M,L,IY,S
IY,Z,AH,N
ER,JH,IY,L
Z,ER,P,R
S,M,EH,N
T,IH,V,IH
AH,D,P,R
AH,N,D,IH
T,M,IY,T
B,AH,T,L
K,AA,S,T
S,N,UW,R
T,AH,M,Z
M,AH,T,IH
K,AA,N,S
K,Y,AH,T
IH,P,AO,R
AH,N,S,IH
T,IH,NG,Z
W,EH,R,T
SH,AH,N,Z
T,W,IH,L
S,IH,N,S
DH,AH,S,T
ER,V,AH,S
AH,AO,R,D
W,IH,CH,R
AH,B,AH,L
M,AH,JH,AH
UW,N,AH,T
S,AH,B,S
IH,NG,IH,T
R,AE,N,S
S,EH,P,T
W,AA,Z,L
SH,K,AH,N
AH,V,DH,AH
T,ER,Z,K
SH,EH,K,S
D,IH,T,S
G,R,OW,AH
T,R,IY,Z
V,IH,T,S
AY,AH,P,T
EY,AH,N,D
EY,T,IH,D
ER,K,AO,L
EH,JH,IH,S
ER,N,AH,N
M,K,AH,N
F,L,EH,K
N,SH,AH,N
K,AA,N,T
B,ER,K,AH
F,IH,K,IH
OW,P,F,AH
B,IH,L,AH
G,IH,N,T
K,AH,M,IH
M,AH,N,T
AA,F,AH,T
IH,N,DH,AH
DH,AH,R,AH
SH,AH,N,Z
R,IH,N,T
N,SH,AH,L
UW,SH,AH,N
N,IY,EH,S
R,IY,AA,N
N,IH,NG,AH
W,AO,R,T
W,AA,Z,T
M,ER,T,R
T,K,AH,N
AA,JH,IH,K
V,IY,EH,S
AA,Z,IH,L
V,DH,AH,D
S,AH,V,R
D,EH,K,S
HH,AE,V,K
AH,K,AA,S
K,AA,S,T
IH,T,S,AH
R,DH,AE,N
UW,CH,ER,Z
T,F,IY,Z
M,IH,N,AH
D,AH,N,D
W,UH,D,S
Z,DH,AH,K
K,ER,K,R
T,AH,P,R
AH,N,Z,AH
V,B,IH,L
V,F,AO,L
AH,L,Y,IH
L,IY,SH,AH
K,L,UW,D
AA,T,D,IH
S,T,EH,K
L,IH,SH,T
SH,UH,R,AH
T,AH,N,D
K,M,AA,R
HH,AE,N,S
S,L,AE,S
N,Z,B,R
T,AE,NG,K
N,AH,V,T
N,T,UW,AH
K,AH,L,AH
AH,K,AH,L
V,ER,S,IH
V,N,AW,IH
Z,AH,N,D
UW,HH,OW,L
UW,DH,AH,K
R,B,IH,T
ZH,W,AA,Z
S,IY,AA,R
D,ER,Z,AH
P,R,AH,D
L,AE,S,T
M,AE,Z,L
S,EH,D,IH
B,AE,NG,K
D,R,AE,S
OW,K,ER,Z
AA,D,AH,T
EY,L,AH,N
D,EH,T,R
S,EH,D,IH
AH,N,IY,IH
IH,R,IY,AH
L,P,R,AH
L,AE,N,D
ER,IH,NG,AH
AH,F,IH,Z
AA,N,DH,AH
L,AO,S,AH
L,AY,K,L
R,AH,N,T
IH,T,S,R
S,EH,N,S
T,UW,AY,S
L,IY,W,IH
R,AH,S,T
IY,Z,TH,IH
S,P,OY,N
DH,AH,S,IH
F,AY,L,IH
Z,T,UW,S
IH,D,IH,N
ER,D,IH,S
AH,V,AY,D
T,R,AH,K
L,B,IH,Z
AH,EH,N,D
AY,DH,AH,IH
V,ER,AO,L
IH,T,W,IH
P,R,AY,S
AH,N,T,S
D,ER,EH,K
B,AH,T,S
P,EH,K,T
AH,CH,AA,R
IY,T,UW,K
AH,N,T,S
Z,AH,L,T
AH,Y,IH,R
SH,EH,R,D
ER,SH,AH,L
R,IH,F,L
AA,T,IH,K
T,ER,IY,S
D,EH,N,T
V,AH,L,K
S,IH,N,S
EH,D,IY,T
UW,IH,T,S
AH,S,IH,S
IH,G,Z,AH
D,AH,P,AH
AH,N,T,IH
S,T,AA,K
P,L,AE,N
IH,CH,IH,Z
IH,T,EH,S
DH,AH,P,IH
T,UW,DH,AH
S,F,ER,Z
EH,Z,AH,D
AA,S,EH,S
AO,R,ER,L
ER,ER,JH,D
T,UW,S,AH
G,Y,ER,Z
L,W,AA,Z
ER,S,IY,Z
EH,F,T,T
IY,M,AH,N
R,IH,K,AH
AY,M,D,T
P,OW,Z,D
AH,L,Z,S
S,P,EH,K
D,DH,AH,R
AH,M,AH,L
AA,T,G,IH
AE,P,L,AH
UW,Z,D,S
AH,K,S,T
AH,V,M,AH
UW,S,T,IH
F,AE,K,T
T,IH,NG,S
N,T,R,AH
T,R,AH,S
S,T,M,AH
EH,S,AH,N
S,B,EY,S
L,P,AO,R
L,OW,ER,IH
M,AH,S,T
EY,B,AH,L
N,D,DH,AH
T,DH,AH,R
Y,UW,N,AH
UW,SH,AH,N
DH,AE,N,IH
NG,DH,AH,T
N,D,IH,T
IH,T,P,L
M,AH,N,T
R,IY,M,AH
EH,P,AH,N
AA,N,T,R
Y,IH,R,IH
IH,R,DH,AH
G,R,IH,K
Z,AH,N,AH
L,Y,AH,N
B,IH,G,AH
UW,N,AH,T
T,S,W,IH
N,Z,IH,N
N,EY,SH,AH
N,AH,G,R
L,K,AH,N
T,EY,SH,AH
N,V,EH,S
D,T,UW,R
UW,D,IH,S
AO,R,AH,T
T,ER,Z,AH
AO,R,N,IH
T,IH,D,T
Z,AH,N,D
R,OY,AH,L
DH,ER,R,IH
L,IY,B,IH
K,IH,NG,S
AH,G,EH,N
SH,AH,N,Z
UH,R,AH,T
B,JH,EH,K
L,IY,S,T
V,AO,L,S
D,T,AH,D
OW,M,AH,N
EH,R,IY,R
AH,Y,IH,R
T,HH,AE,Z
AH,P,AH,T
AO,R,M,AH
F,AO,R,D
AH,M,EH,N
F,AO,R,AH
AH,M,P,AH
AH,N,T,IH
AH,D,UW,S
M,P,AH,N
AE,K,S,L
T,AH,S,T
P,EY,M,AH
N,T,IH,N
EH,L,F,R
AO,F,ER,IH
K,R,AW,N
AA,R,T,N
UW,W,ER,K
JH,L,IY,IH
S,IH,S,T
AA,D,AH,K
IH,S,AO,R
HH,AE,D,D
L,IH,T,AH
T,L,IY,D
EH,D,IH,T
V,ER,B,R
M,AH,N,S
S,T,AH,L
AH,V,IH,T
M,P,AH,N
L,Z,P,R
L,AE,S,T
NG,DH,AE,T
EY,M,AH,N
Z,IH,T,S
TH,ER,D,K
DH,AE,T,L
G,EH,R,AH
Z,N,IY,D
AO,R,DH,AH
K,AH,N,D
R,AH,D,AH
AH,N,D,N
T,AH,N,Z
HH,AY,D,R
K,T,ER,AH
AA,T,P,L
S,M,AH,N
AH,JH,M,AH
AH,M,P,AH
K,S,AH,N
EH,D,IH,T
P,IY,T,IH
N,T,AY,Z
B,AA,N,D
R,AO,L,S
IH,T,W,IH
AH,V,AH,D
DH,AH,P,R
AH,S,T,R
AE,T,D,IH
AH,M,P,AH
N,T,P,L
AW,N,S,T
EH,N,SH,AH
Z,AH,L,T
S,S,P,AH
D,IH,T,S
AE,N,AA,T
AA,D,AH,K
T,T,EH,N
IH,NG,N,AH
EY,D,IH,N
IH,N,K,L
IY,Z,P,R
IH,N,Y,IH
P,OW,Z,AH
T,ER,Z,AH
S,T,TH,R
Z,W,AY,D
AH,P,AH,L
JH,M,AH,N
IH,V,Z,IH
Z,DH,AE,T
AH,N,B,IH
D,R,IH,S
B,AO,R,D
Y,UW,SH,AH
Z,D,UH,R
S,IH,N,K
IH,B,Y,AH
IY,EY,SH,AH
L,AY,K,L
UW,HH,AE,D
K,S,M,AH
EH,D,DH,AH
M,AH,N,T
CH,HH,AE,Z
DH,K,AO,R
IH,T,S,D
T,ER,M,D
ER,EY,T,IH
AE,N,IH,K
D,DH,AE,T
L,D,ER,Z
Z,P,AA,R
EH,N,SH,AH
Z,N,AH,S
EH,D,IH,T
IH,DH,DH,AH
K,T,UW,K
AH,N,D,K
EY,B,AH,L
Z,B,IH,N
Z,AH,L,IH
S,AO,DH,AH
T,EY,N,IH
AH,S,T,IH
IY,P,AO,R
D,AE,Z,AH
SH,EH,R,AH
V,DH,AH,N
N,T,S,T
AW,Z,AH,N
IH,N,S,IH
N,S,IH,S
N,Y,IH,R
AH,S,IY,D
N,T,R,AH
IY,S,IH,N
M,P,AH,T
K,R,EH,D
SH,IH,P,S
IH,L,D,IH
AH,T,IY,Z
AH,N,D,IH
T,F,R,AH
R,K,AH,T
F,EY,L,D
IH,CH,DH,AH
AA,R,G,AH
L,R,IH,Z
DH,AH,IH,N
Z,AH,N,D
IH,CH,W,IH
IH,K,ER,IH
AH,W,AO,R
K,S,EH,L
SH,AH,N,AH
K,IH,L,AH
AA,K,IH,Z
NG,K,SH,AH
T,IY,S,T
EH,D,IH,N
Z,AW,T,S
AO,R,DH,AH
P,AA,R,T
AH,T,EH,K
S,F,AO,R
SH,AH,N,AH
K,UH,D,D
AE,M,AH,L
P,AA,R,T
AE,V,R,IH
R,OW,G,R
HH,UW,AE,Z
R,CH,AA,R
AH,SH,EH,R
P,Y,UW,T
Z,F,R,AH
N,AH,S,T
T,IH,S,AH
AH,B,AH,L
AH,L,AH,K
D,IH,S,T
IH,P,M,AH
IH,T,ER,N
IH,K,AO,Z
JH,AH,Z,IH
Z,DH,AE,N
AH,M,IH,N
N,ER,SH,IH
K,CH,ER,D
ER,Z,DH,AH
T,AO,K,S
T,P,UH,T
HH,AE,Z,K
NG,S,EH,L
R,D,ER,Z
AH,D,IY,L
T,W,ER,AH
ER,AH,N,S
Z,L,AY,K
M,AA,R,K
IH,Z,N,AH
Z,F,R,AH
AH,S,IH,K
IH,D,F,R
T,AH,V,D
T,W,IH,L
EY,T,S,IH
AA,R,K,AH
AA,R,K,AH
IH,F,AO,R
AH,N,Z,AH
AH,N,IY,Z
K,F,AO,R
AH,B,IH,L
AE,Z,AH,D
EH,D,IH,N
AO,F,AH,S
B,IH,Z,N
AH,T,SH,IH
T,EY,K,AH
T,AH,D,T
W,ER,D,Z
D,ER,EH,K
P,EH,N,D
B,AH,JH,IH
T,M,AH,N
S,EH,K,AH
P,AH,B,L
R,JH,AH,N
D,Z,S,AH
AH,D,AH,K
N,S,AH,N
IH,NG,R,IH
N,AO,M,AH
IH,S,Y,IH
S,ER,Z,AH
AH,N,D,AH
AH,F,ER,S
R,OW,ER,Z
S,T,AA,K
N,Y,UW,AH
UW,SH,EH,R
K,AA,S,T
Z,S,EH,D
V,DH,AH,AH
R,AY,V,D
R,Z,AE,T
N,Y,AH,N
AE,N,EH,S
K,AE,P,AH
EY,SH,AH,N
T,W,IY,K
T,F,AO,R
AH,S,IH,K
IH,L,IH,T
IY,AH,S,L
T,T,UW,K
D,T,UW,AH
EH,R,IH,N
T,W,UH,D
B,IY,IH,K
D,AH,K,T
IH,K,S,K
S,W,AH,N
L,OW,N,L
AH,S,T,IH
OW,N,AE,Z
K,ER,Z,S
L,EY,T,AH
N,AA,T,D
S,AW,T,S
N,D,P,R
AH,N,IH,K
SH,AH,N,AH
AH,N,S,T
S,P,AO,R
N,N,AA,N
T,IH,NG,AH
IH,L,EH,K
S,AH,M,S
S,DH,AH,T
AO,R,DH,AH
IY,N,AH,L
S,K,EY,S
ER,S,AY,Z
K,W,AH,T
T,HH,AE,D
V,DH,AH,K
EY,SH,AH,N
Z,F,AO,R
D,B,IH,N
AH,DH,ER,S
R,EY,D,D
S,CH,EY,N
UW,V,AH,N
S,P,OW,K
AH,L,IH,S
T,K,UH,D
Z,B,IH,N
P,ER,EY,T
N,AH,G,R
L,IY,IH,N
IH,K,AA,N
K,T,DH,AH
N,V,EH,S
D,DH,AH,IH
IH,K,AH,N
R,EY,D,IH
D,AE,N,IH
AE,N,T,IH
R,D,AH,N
EY,M,K,AH
Z,ER,EY,N
N,AH,N,T
F,AO,R,K
AH,P,IY,N
D,IH,NG,T
S,EH,D,IH
Y,UH,R,AH
AW,T,S,T
K,ER,EH,K
OW,L,D,IH
B,AY,B,IH
DH,OW,Z,IH
L,Y,AH,N
T,UW,AH,K
K,AA,M,AH
EH,N,T,AH
N,F,AO,R
S,AH,Z,IH
ER,T,AH,N
DH,AH,S,IH
IH,V,EH,L
T,R,AH,D
F,ER,AH,N
G,AH,B,IH
S,L,AO,S
IY,EH,S,L
D,IH,T,IH
P,R,AH,D
T,UW,DH,AH
AE,K,S,S
ER,Z,IH,N
M,P,AH,N
T,S,T,R
W,AH,Z,IH
DH,AH,D,IH
F,AO,R,AH
AH,L,EY,T
NG,DH,AH,L
P,IH,NG,AH
D,IH,N,T
IY,T,AH,N
AH,D,AH,K
EY,T,IH,D
M,AW,N,T
V,IY,EH,S
T,R,EY,D
T,AA,K,R
AH,N,T,AH
IH,Z,N,AH
AH,V,DH,AH
B,AH,L,AH
N,P,R,AH
D,T,AH,D
IH,L,Y,AH
AE,N,AO,L
N,T,S,AH
ER,R,AH,D
HH,AE,V,K
R,AH,D,AH
T,Y,IH,R
S,IH,V,N
N,T,ER,N
N,IH,SH,AH
F,ER,AA,N
T,R,IY,L
UW,K,AH,N
W,ER,K,T
AH,L,IH,N
AO,AH,P,R
IY,EH,R,L
K,L,OW,Z
T,AO,F,IH
F,AY,N,AH
P,S,EH,D
G,R,AE,N
V,R,IH,S
NG,ER,N,IH
OY,L,Z,T
R,EH,D,AH
T,L,EH,T
AO,R,DH,AH
N,Z,SH,IH
TH,S,AO,L
AA,R,JH,AH
AA,D,AH,K
V,IY,EH,S
V,IH,NG,S
AH,N,R,AH
DH,AH,P,R
K,SH,AH,N
AE,Z,R,AH
UW,V,AH,L
AH,S,OW,S
AE,N,D,IH
T,EH,L,AH
NG,DH,OW,Z
AO,R,CH,AH
T,R,AY,IH
Z,M,EY,D
T,AE,K,S
L,Y,AH,N
Z,M,EY,K
R,EY,T,S
AA,R,JH,AH
AH,M,Z,AH
IY,AH,L,T
N,Z,K,AH
EY,SH,AH,N
R,UW,V,D
D,IY,P,D
Z,AH,R,IH
N,W,AA,Z
M,AE,N,D
EH,T,S,AH
L,M,AO,R
AA,B,L,AH
S,B,ER,D
IH,M,P,R
AH,V,DH,AH
AE,T,IH,T
AH,B,AW,T
L,AY,N,K
EH,S,T,L
D,F,R,AH
IH,N,CH,AH
R,AE,M,Z
S,IH,S,T
D,AH,D,IH
M,D,IH,S
L,S,OW,S
P,T,S,AH
L,AE,N,T
M,AH,N,T
L,OY,IY,Z
N,F,AH,D
V,ER,M,AH
AH,L,AH,S
AA,K,P,IH
T,AH,N,L
N,F,AA,R
T,S,AA,N
L,IY,B,IH
SH,AH,N,AH
AO,T,AA,N
SH,AH,L,AH
ER,CH,IH,N
T,AE,K,S
AH,L,Z,T
HH,OW,L,D
AH,F,ER,S
AA,T,DH,AH
M,IH,NG,D
NG,EH,K,S
R,JH,D,IH
ER,EH,K,T
P,L,EY,N
R,AY,T,S
K,S,W,IH
AH,N,T,S
T,F,AO,R
L,AH,P,T
M,AH,N,T
UH,D,V,IH
P,L,AE,N
AH,S,T,AH
IH,NG,EH,K
TH,AO,R,AH
IH,N,AH,S
IH,N,DH,AH
W,ER,L,D
Z,K,AA,N
D,IH,S,K
ER,T,S,T
EH,N,AE,N
ER,L,AA,R
F,T,AA,N
IH,N,DH,AH
IH,N,DH,AH
OW,K,AH,L
R,K,AH,T
F,IY,Z,AH
N,DH,AH,S
EH,K,AH,N
L,IY,AH,T
IH,N,DH,AH
AE,K,T,IH
N,S,ER,N
DH,AE,T,N
K,AH,N,S
T,Y,IH,R
N,T,IH,N
K,W,OW,T
DH,AH,IH,N
IH,M,AH,T
ER,P,L,AH
N,AH,V,T
B,L,IH,K
UW,JH,AH,S
B,EY,IH,N
V,DH,AH,L
L,IH,N,T
AA,L,IY,S
Z,D,IH,D
N,AH,P,T
AH,F,ER,S
K,S,B,R
HH,AE,Z,S
T,IY,W,IH
M,P,AH,N
S,EY,L,Z
T,AH,L,AH
F,AO,R,S
ER,Z,DH,AH
AH,K,AO,S
IH,R,IY,AH
S,W,EH,N
L,F,AO,R
L,F,AO,R
R,AH,D,AH
T,Y,EH,T
AH,B,AH,L
JH,UH,L,D
B,IH,N,D
K,Y,UH,R
AY,V,Y,IH
T,UW,DH,AH
N,V,EH,S
AE,T,AH,S
L,Y,AH,N
V,B,IH,N
AY,AH,G,N
Z,D,IH,N
NG,F,IY,AH
S,T,K,AH
AA,N,OY,L
IH,V,AH,N
R,IH,NG,AH
IH,NG,P,L
N,V,AA,L
L,IY,S,T
S,T,AO,S
F,AY,ER,T
T,UW,IH,T
AE,Z,M,AH
F,AH,S,AH
AE,N,Y,AH
T,S,B,AH
N,UW,Z,K
K,L,UW,D
V,ER,M,AH
K,L,AY,N
IY,AH,V,R
AH,L,IY,AH
AH,L,T,IH
IY,M,AA,R
HH,AE,Z,D
D,Z,IH,R
AH,L,EH,K
W,UH,D,IH
L,R,IH,S
AY,Z,AE,Z
NG,K,SH,AH
L,AE,S,T
AA,N,DH,AH
IY,N,Z,IH
D,ER,AH,L
AH,B,AH,L
ER,P,L,AH
SH,IY,EY,T
Z,SH,EH,R
AH,N,AH,L
L,IY,AA,K
R,AA,K,S
F,AO,L,IH
DH,AH,S,T
AH,M,P,AH
T,UW,ER,N
T,W,EH,R
AY,AH,B,AH
N,T,UW,AH
Z,AH,P,R
AO,R,DH,AH
OW,Z,D,AH
NG,DH,AH,D
OW,CH,AH,Z
N,UW,M,AH
AH,L,AY,D
N,CH,EY,N
S,F,AO,R
R,AO,L,AH
L,CH,ER,S
AH,B,AH,L
B,AO,R,D
Z,S,EH,D
AH,M,IH,N
IH,V,IH,L
V,IY,EH,S
R,EY,D,IH
K,R,IY,S
P,AO,R,T
F,ER,S,T
R,T,AH,T
T,S,AY,D
R,AE,N,S
L,EH,K,T
T,IH,Z,AH
G,AE,S,AH
AH,M,P,L
AA,M,AH,N
AH,M,EY,N
EH,N,D,AH
L,IY,T,AH
M,AH,N,S
OY,N,T,L
K,CH,ER,IH
EY,SH,AH,N
EY,HH,AE,D
M,EH,N,T
T,IH,NG,IH
F,AO,R,K
AY,L,AE,T
IH,M,AH,T
T,UW,P,R
N,Z,TH,R
AH,N,IY,S
D,IH,SH,AH
AE,Z,IH,L
AH,S,T,IH
EY,T,AE,Z
K,ER,AH,N
Y,AH,N,Z
ER,W,UH,D
EH,S,IH,N
AH,JH,M,AH
IH,SH,AH,N
N,L,AO,S
N,D,AH,S
UH,M,AH,N
SH,AH,N,Z
K,AA,M,AH
T,IH,N,T
S,EH,D,IH
AH,K,AA,S
IH,L,IY,IH
IH,T,P,L
V,DH,AH,K
AA,L,V,D
T,IH,V,R
T,M,AH,N
Z,D,AW,N
IY,Z,AH,N
AH,N,S,T
D,IY,AH,T
AO,S,S,IH
IY,SH,IY,S
IH,N,D,AH
IY,W,AA,Z
EH,P,SH,AH
SH,IH,P,IH
AE,D,AH,D
S,T,EY,T
L,Y,ER,Z
T,ER,AH,N
SH,AH,N,AH
EH,R,IY,Z
W,ER,L,D
V,D,EH,T
B,Y,UH,R
AH,N,D,T
N,D,AH,L
OW,L,Z,AH
ER,N,W,IH
P,SH,AH,N
AA,K,S,R
K,AH,T,AH
D,M,AA,R
L,D,R,IH
SH,AH,N,K
D,D,IH,K
UW,S,EH,L
EH,D,IH,T
L,UW,D,Z
T,DH,AH,D
R,M,AO,R
T,AH,S,T
ER,IH,NG,D
B,AE,NG,K
AE,NG,K,S
K,AH,N,S
AH,N,IY,Z
M,AH,N,T
Z,IH,S,T
T,M,AH,N
N,Y,ER,D
IH,SH,UW,Z
L,T,S,R
AE,N,AH,L
R,M,AH,N
L,IY,EH,N
ER,DH,AH,N
DH,AH,B,AH
IH,K,AH,T
AH,N,T,T
K,AO,R,T
L,AH,B,AH
M,AH,N,T
M,AE,N,AH
AH,CH,AE,Z
L,EY,T,IH
AH,N,T,R
IH,N,DH,AH
ER,D,IH,N
IY,M,AH,N
IH,K,S,IH
AA,M,AH,N
N,EY,M,D
F,AY,D,S
S,M,AO,R
B,IY,IH,K
P,L,AE,N
AH,N,W,IH
S,T,S,S
R,EH,S,IH
M,AH,N,T
L,AE,N,T
K,T,S,T
AH,V,IH,K
N,F,R,AH
R,OY,D,AH
N,D,Z,K
T,OW,T,AH
L,AY,N,IH
N,D,DH,AH
N,D,AH,T
ER,T,AH,N
ER,Z,F,R
AH,M,P,R
R,OW,ER,Z
AH,G,AA,R
D,DH,AE,T
V,ER,AO,L
R,AY,V,AH
F,AH,T,D
V,AH,N,T
EY,N,M,AH
Z,R,IH,K
D,EY,SH,AH
N,S,AH,L
D,F,AO,R
IY,K,AH,N
L,IH,SH,T
AO,R,M,IH
Y,IH,R,L
P,ER,CH,AH
IY,S,IH,N
V,DH,AH,IH
IH,P,EH,N
AH,TH,ER,D
AA,N,AH,N
AH,T,AO,R
AH,L,AW,AH
IH,NG,AH,R
AH,N,M,AH
N,UW,P,R
S,EH,D,IH
AH,P,IY,L
IY,W,AH,N
T,IH,F,IH
K,AH,N,S
T,UW,R,IH
Z,N,OW,IH
M,AH,N,T
K,AA,M,AH
IY,R,IH,Z
V,DH,AH,S
S,EH,D,IH
IH,NG,IH,T
R,IH,N,S
V,IY,EH,S
N,T,AH,N
T,M,AA,D
P,AA,S,AH
UW,B,IY,T
IH,R,OW,L
K,AW,N,T
AH,M,IH,Z
AH,N,D,AH
AA,N,DH,AH
ER,R,AH,D
Z,F,R,AH
IH,L,AH,K
L,AH,K,AH
L,S,T,R
IH,P,EH,N
IH,CH,AA,R
R,N,AA,T
AH,D,AH,K
B,AW,T,T
IH,NG,AA,N
D,DH,AE,T
W,IH,L,S
F,AY,N,AH
R,OW,P,R
AA,F,AH,T
K,T,AH,D
N,DH,AH,T
Y,UW,S,IH
T,ER,Z,AH
JH,IH,T,AH
AE,D,AH,D
DH,AH,P,R
P,AY,R,D
EY,N,JH,D
D,K,AH,N
N,S,EH,D
V,W,AH,N
ER,T,S,IH
T,UH,K,AH
R,AE,N,Z
UW,M,IH,N
AE,Z,IH,K
P,L,IY,T
P,R,AA,D
V,EH,S,T
IH,P,AO,R
AO,R,T,S
L,EH,K,T
T,T,UW,IH
T,OW,L,D
EH,Z,DH,IH
V,EH,K,S
W,IH,DH,S
AO,R,D,IH
M,P,AH,N
IH,N,T,R
D,B,IH,N
IY,S,EH,D
NG,AH,N,AH
N,AH,F,IH
AY,L,AE,T
AH,N,S,AH
K,SH,AH,N
AH,JH,OY,N
D,V,AY,Z
ER,AH,G,R
UW,DH,AH,D
AA,R,K,AH
S,F,UW,D
S,Y,IH,R
UH,L,IY,IH
UH,G,ER,AH
S,AH,T,AH
N,JH,AH,N
K,L,UW,D
DH,AE,T,D
R,M,Z,AH
IH,S,Y,IH
Y,AH,N,IH
Z,R,UW,L
OY,N,T,IH
IH,S,S,T
N,IH,SH,AH
F,Y,UW,AH
R,F,UW,D
S,P,EH,K
UW,Y,UW,N
IH,N,S,T
AH,L,AW,D
OW,K,AH,L
T,R,EY,T
N,T,K,R
UW,HH,AE,Z
IH,NG,EH,N
T,AH,N,S
CH,AH,S,AH
Z,IH,SH,AH
Z,AE,K,S
OW,S,T,K
S,AO,R,S
T,S,AH,K
IH,T,M,AH
R,K,AH,T
AH,D,UW,S
N,D,K,AH
S,T,IH,D
EY,W,IH,N
AO,R,IH,T
M,P,AA,Z
T,R,EY,T
R,D,AH,N
P,DH,AH,K
EH,V,AH,N
S,T,IH,L
R,AH,M,AH
L,AH,N,S
K,AH,N,S
SH,AH,N,K
IH,L,K,AH
EH,N,ER,AH
SH,EH,R,Z
AH,T,EY,T
IH,SH,UW,D
Z,M,AA,R
AH,N,S,T
EH,R,AH,N
ER,ER,N,IH
W,IH,CH,R
AH,M,P,AH
JH,AH,S,T
EH,D,DH,AH
AH,N,S,IH
IH,N,W,IH
AY,N,AO,R
IY,B,R,IH
SH,AH,N,T
R,AH,D,AH
N,T,K,AH
T,F,R,AH
UW,Z,D,AH
S,AH,Z,T
IH,DH,IH,N
N,T,R,AH
AH,L,ER,N
W,IH,DH,AH
IY,Z,D,IH
N,V,IH,Z
B,AY,DH,AH
AH,N,Z,AH
K,CH,ER,IH
AA,N,IH,K
AE,T,ER,AH
P,AO,R,T
N,S,K,AH
AH,V,EY,L
N,R,IH,Z
AA,T,AH,N
IH,N,K,R
S,T,AA,R
L,HH,AE,N
T,IH,T,S
HH,AE,Z,IH
P,R,IH,D
OW,L,D,IH
T,IH,NG,IH
K,AH,T,AH
Z,AH,V,R
Z,W,AA,N
DH,AE,T,K
T,W,AA,Z
UW,B,IH,L
Z,AE,N,AH
P,AO,R,T
R,AY,S,AH
R,AH,G,AH
T,IH,V,AH
B,AH,L,D
K,N,AA,L
IY,N,DH,AH
N,W,IH,L
M,AH,N,T
SH,AH,N,AH
S,F,ER,D
UW,AH,F,L
F,ER,AH,N
AH,T,S,IH
D,IH,L,IH
Z,M,OW,S
IY,AH,N,D
R,AE,K,T
AH,L,IY,L
M,DH,AH,S
IY,EH,S,L
V,IY,EH,S
R,IH,D,IH
T,AA,K,S
R,OW,L,Z
D,N,AA,T
B,IH,G,AH
EH,K,T,AH
T,EY,T,IH
M,IY,K,AH
N,ER,AW,N
B,AE,NG,K
T,R,AE,N
N,EH,S,K
B,IH,Z,N
P,L,AE,N
AY,IH,K,S
P,P,AE,K
T,EY,IH,N
IH,NG,DH,AH
N,F,OW,K
T,ER,Z,IH
ER,N,OW,L
IY,W,ER,K
M,AH,N,T
L,D,AA,R
T,HH,IY,S
AH,N,S,S
Z,D,IH,N
IH,NG,K,T
UW,B,IH,L
EY,T,AH,D
AH,T,IY,AH
OW,T,AH,D
AH,L,IY,S
T,T,EY,K
NG,IH,N,AH
N,IY,IH,R
N,T,S,AH
K,S,EH,S
AE,T,DH,AH
F,AY,ER,D
N,IY,M,AH
EH,S,AE,K
NG,K,T,T
AA,Z,S,AH
T,HH,AE,Z
D,K,AH,N
Z,W,IH,L
L,ER,EY,T
S,L,OW,K
R,AA,F,AH
T,S,S,T
R,IY,AE,K
T,R,AH,L
S,M,AH,N
EH,S,T,AH
R,T,AH,D
IY,M,EY,D
N,T,S,AH
AH,N,Z,AH
P,L,AH,N
IY,Z,AA,N
L,Y,AH,N
T,R,AE,N
W,ER,D,L
IH,NG,IH,Z
NG,L,EH,T
F,T,ER,N
P,AO,R,T
EY,IH,N,K
AH,M,AE,N
AE,NG,K,S
AH,N,T,IH
AE,L,AH,N
IH,L,T,AH
K,Y,AH,L
AH,V,DH,AH
TH,R,UW,R
T,IH,Z,AH
IH,NG,AH,R
OW,L,IH,N
JH,M,AO,R
T,W,IH,L
T,R,EY,D
R,M,AE,N
K,AH,L,S
IH,Z,N,IH
AE,T,AA,R
IY,AH,N,D
Z,DH,AH,S
F,ER,D,T
N,D,G,AH
IH,N,DH,AH
T,S,AE,T
IH,N,D,AH
AH,F,AY,N
AY,IH,K,S
D,DH,AH,IH
R,K,AH,T
EY,SH,AH,N
AH,D,AA,L
R,IH,S,K
B,AY,AH,N
T,D,EH,T
EH,R,AA,R
N,AO,F,IH
T,OW,T,AH
D,IY,Z,L
IY,T,AE,K
IH,SH,AH,N
B,L,IY,R
R,IH,N,D
P,L,AE,N
M,AE,N,AH
SH,AH,N,AH
AY,T,W,IH
T,B,IH,Z
R,W,AY,L
IH,NG,AO,R
OW,T,AH,L
EY,K,AH,N
S,IH,N,S
AH,TH,ER,D
NG,K,T,L
N,AH,N,D
AA,M,P,AH
AH,P,IH,K
N,S,EH,D
S,AW,N,D
D,HH,IY,D
EY,L,Z,T
P,L,EY,N
EH,R,Z,S
M,AA,N,AH
R,F,AH,L
B,IH,G,IH
L,R,EY,Z
AH,M,P,AH
K,EY,T,S
S,AH,Z,R
T,IH,T,S
IH,D,ER,AH
DH,AH,B,AH
T,IH,NG,IH
Y,UW,Z,D
S,T,S,S
AH,V,DH,AH
N,W,UH,D
T,S,P,L
AH,N,Z,IH
AW,F,AO,R
IH,T,S,T
R,IH,T,S
AE,N,S,AH
CH,AH,S,T
L,R,AY,T
Z,IH,T,K
AH,K,AO,R
L,W,AO,T
ZH,AH,N,IH
N,D,G,AH
R,D,ER,T
R,IY,S,K
L,S,T,R
Y,EH,N,S
D,M,AA,R
K,W,AH,L
B,AY,AE,T
F,AO,R,L
AH,P,IH,R
AH,S,T,IH
L,IY,IH,N
R,JH,AH,S
AH,P,IY,L
D,IH,T,S
AH,N,AH,L
W,IY,K,S
IY,AH,S,L
IH,K,AO,Z
IY,AH,S,L
IH,N,IH,S
L,IY,EY,T
EY,SH,AH,N
P,ER,S,IH
S,AH,Z,R
IY,F,AO,R
IY,L,AH,N
D,F,AO,R
T,B,IH,N
V,IY,EH,S
D,IH,T,S
W,AH,N,D
AH,L,IH,T
R,IY,P,L
K,T,S,S
AH,K,AA,N
EH,Z,AH,D
K,AH,N,D
Z,OW,P,AH
IH,NG,B,AH
HH,AE,V,IH
EY,SH,AH,N
S,P,EH,K
AH,T,EH,N
T,IH,D,T
D,IH,S,T
AH,S,DH,AH
SH,AH,N,Z
N,Z,AH,N
IH,ZH,AH,N
AH,D,UW,S
IH,NG,DH,AH
DH,AH,N,AH
IH,L,Y,AH
K,SH,AH,N
S,L,AO,S
M,AH,N,D
AH,V,DH,AH
AH,N,T,R
M,AH,N,T
IH,R,DH,AH
S,AH,Z,N
R,AE,NG,K
T,S,AY,N
Z,N,AH,S
AO,R,M,D
S,IH,N,K
T,HH,AE,Z
AH,F,ER,S
UW,D,Z,R
AA,T,DH,AH
AH,N,UW,L
OW,T,S,L
L,UW,S,IH
D,DH,AE,T
ER,S,EH,D
S,W,UH,D
S,T,R,IH
NG,F,AO,R
DH,AE,T,K
W,ER,L,D
AO,R,D,Z
D,AH,D,IH
N,D,S,T
UH,D,B,R
R,AH,N,K
IY,L,Z,R
UW,IH,T,S
EH,D,IH,T
Z,AH,V,IH
ER,T,IY,Z
G,OW,L,D
R,IH,K,AH
T,M,AH,N
AH,N,Z,S
AH,V,AE,N
L,B,IH,T
T,IH,NG,AH
UH,D,K,AH
ER,Z,IH,N
EH,N,SH,AH
AH,W,IY,K
Z,AH,N,D
Z,IH,K,S
IH,N,T,R
ER,M,S,AH
T,UW,DH,AH
AH,D,EH,N
AE,NG,K,S
S,T,Y,IH
N,T,S,T
IH,S,K,R
AH,M,P,AH
P,AE,S,AH
S,IY,K,IH
M,AE,T,IH
K,AH,T,IH
IY,AE,Z,R
R,T,S,S
N,AY,Z,D
IH,CH,IH,Z
Z,L,EH,S
Z,N,AA,T
N,T,IH,N
ER,CH,AH,S
S,AH,V,AH
AH,D,AE,N
S,P,EH,K
P,AA,L,AH
K,AA,M,AH
W,UH,M,AH
K,R,EY,N
S,T,AE,N
D,AE,Z,AH
ER,F,AO,R
IY,P,AH,L
OW,IH,NG,T
L,Y,UW,Z
W,IY,K,L
EH,K,T,R
R,AY,D,T
ER,K,AA,R
DH,AH,S,IH
Z,T,UW,R
T,L,AY,K
AH,V,DH,AH
NG,F,AO,R
T,W,EH,R
AH,G,OW,AH
L,IY,P,R
V,AH,G,R
IH,V,EH,L
DH,AH,SH,AH
R,IY,M,AH
N,OW,T,S
AO,L,ER,K
W,AA,Z,N
L,OW,Z,D
N,S,IH,D
EH,R,W,IH
K,AE,S,T
L,IY,SH,AH
N,D,EH,T
N,D,P,R
B,AY,DH,AH
S,T,UW,D
B,IY,D,IH
L,AH,P,T
L,AO,S,AH
S,AO,R,S
EH,S,T,S
P,EH,K,T
S,T,AA,K
S,OW,AH,N
Z,AH,K,AH
S,T,AA,R
AH,S,AE,T
T,IH,Z,K
K,AW,N,T
K,S,AO,R
L,AE,S,T
T,AH,P,R
T,ER,P,R
AH,Z,W,AH
AH,M,AH,N
UW,R,AH,K
K,AW,T,AH
D,W,ER,IH
AY,S,AH,Z
B,R,IH,K
IH,NG,K,AH
AH,L,AW,AH
S,ER,T,IH
D,DH,EH,R
S,P,IH,R
V,EH,S,T
R,W,EY,T
M,AE,N,AH
SH,AH,N,IH
T,F,IY,L
AH,S,AY,D
T,R,EY,D
T,DH,AH,D
R,IY,CH,T
IH,SH,AH,L
AE,D,AH,D
K,AH,N,T
IH,N,AO,R
OW,S,T,S
K,AH,L,T
JH,AH,V,S
NG,K,S,AH
AA,R,K,AH
AO,R,T,S
S,EH,D,IH
AA,R,K,S
D,IH,SH,AH
SH,AH,N,AH
S,T,P,L
T,DH,AH,K
AE,P,S,T
S,AH,F,AH
EH,D,AH,S
G,R,OW,N
UW,HH,OW,L
ER,AE,Z,AH
IH,T,IY,AH
N,AE,SH,AH
Y,IH,R,Z
UW,AH,S,L
D,F,AE,K
N,EH,K,S
P,L,AE,N
S,IY,AH,N
F,L,EH,K
NG,AH,N,D
D,DH,AE,T
P,L,AE,N
S,W,IH,L
R,AH,N,T
W,AH,N,S
N,Z,AE,T
AE,N,AE,D
AH,P,DH,AH
EH,L,AH,K
L,OY,ER,Z
ER,B,IH,D
L,EH,V,AH
AO,F,ER,S
IH,K,W,IH
AA,K,Y,AH
AH,N,T,IH
G,OW,SH,AH
Z,S,EH,D
L,S,OW,D
NG,K,S,AH
AH,N,M,AH
AH,JH,IH,T
DH,AH,EH,N
AH,T,EH,N
L,AE,N,Z
V,EH,S,T
SH,AH,L,Z
R,OW,CH,IH
IH,R,IY,AH
ER,T,UW,R
P,R,AH,S
S,AH,Z,D
AH,T,IY,Z
T,R,AE,T
T,M,AH,N
R,EH,P,R
AH,P,OW,Z
IH,SH,AH,N
UW,R,AH,N
IH,V,EH,N
EY,SH,AH,N
JH,R,EY,T
AW,N,D,K
TH,AH,N,D
V,IH,K,S
D,AW,N,AH
EY,SH,AH,N
AH,L,IY,IH
D,F,R,AH
G,EH,N,S
Z,F,AO,R
AH,P,AH,L
AH,M,IH,T
M,AA,R,K
AH,T,IH,N
AH,K,AA,N
L,Y,AH,N
JH,IH,N,N
L,G,UH,D
V,AH,N,T
IH,L,AH,T
K,R,OW,T
AW,N,S,T
AH,P,AA,S
B,AY,IH,K
Z,ER,V,Z
IH,T,IH,D
AO,R,M,AH
AH,F,AO,R
N,W,AA,Z
N,D,AH,S
P,L,IY,T
CH,K,AO,L
AH,D,DH,AH
L,CH,EY,N
S,S,T,IH
M,AW,N,T
IH,P,T,T
S,T,UH,D
F,AH,N,D
L,AH,M,Z
K,L,OW,Z
K,L,UW,D
T,EH,N,D
V,DH,AH,R
IH,SH,AH,L
L,Y,AH,N
IH,L,Y,AH
AH,M,DH,AH
B,IH,G,IH
OW,IH,NG,Z
L,S,OW,IH
B,AE,NG,K
F,AY,T,IH
SH,AH,N,Z
DH,AH,D,IH
V,IH,ZH,AH
L,B,IY,L
N,AA,T,L
T,R,EY,D
IH,K,IH,L
L,M,IY,N
EY,SH,AH,N
AO,R,G,IH
AO,R,S,AH
N,S,M,IH
R,HH,OW,L
R,AE,K,T
IH,D,AH,N
D,EY,DH,AH
IH,L,Y,AH
NG,K,AH,T
EH,S,P,R
UW,T,ER,AH
EY,SH,AH,N
AH,JH,F,R
IH,K,AA,N
Z,F,R,AH
IY,IH,T,N
R,AY,T,S
D,D,OW,N
W,IH,L,T
AH,N,F,R
L,IY,OW,Z
T,AA,K,S
B,AE,R,AH
AH,S,T,D
N,AH,T,IH
S,K,ER,IH
V,ER,T,AH
Z,B,AH,T
AA,R,AH,N
AH,B,AW,T
AO,R,S,IH
R,IY,Z,AH
AA,R,K,AH
T,IH,V,S
AA,M,AH,N
F,AY,N,AH
P,IH,Z,L
AE,N,AH,L
IY,EH,K,S
S,T,R,AH
HH,OW,L,D
L,OW,DH,AH
AH,L,W,IH
IH,N,P,R
JH,AH,N,S
M,R,EY,N
M,IY,T,IH
M,AH,N,T
IH,NG,B,AH
AA,D,IY,S
N,T,S,IH
AH,N,IY,D
R,IH,K,S
IY,EH,S,L
D,N,AA,T
T,R,EY,D
S,CH,EY,N
N,AA,M,IH
JH,D,K,AH
K,L,UW,D
L,EH,K,S
R,IY,S,IH
AH,N,IY,S
L,IY,S,T
DH,AE,T,T
SH,AH,N,Z
IY,D,AA,N
L,UW,D,Z
S,AW,T,S
AH,K,AO,R
S,P,AA,N
AH,V,DH,AH
R,AH,N,T
EY,T,IH,D
D,IH,T,K
AE,N,Y,AH
L,Z,IH,R
IY,T,UH,K
Z,B,IH,N
AE,Z,B,IH
NG,DH,AE,T
AA,R,T,S
JH,EH,K,T
EH,T,P,R
K,W,EH,S
IH,K,W,IH
M,P,AH,N
IH,M,P,R
S,ER,V,AH
ER,V,AH,S
AE,T,DH,AH
D,CH,AE,N
T,R,IY,S
N,AW,N,S
B,AH,T,IH
IH,F,IH,T
Z,D,IH,T
AE,SH,AA,N
OY,N,T,S
N,T,IY,Z
AH,D,IY,AH
N,DH,AE,T
AH,F,ER,D
EH,T,P,R
N,IH,K,S
Y,UW,AH,L
EH,S,AE,S
K,Y,AH,L
N,Z,D,R
L,W,EH,L
SH,P,AH,Z
IH,L,Y,AH
UH,R,AH,T
ER,CH,AH,S
JH,AH,S,T
AH,Z,AO,L
L,AH,P,IH
S,P,AE,N
ER,D,AE,S
EH,SH,AH,L
R,EH,Z,AH
AO,R,N,D
P,R,IY,S
EY,T,EH,K
AE,N,D,IH
N,T,W,IH
S,T,S,AH
IH,N,B,AH
S,CH,EY,N
AH,N,T,S
T,R,EY,T
AE,S,T,L
Z,K,AE,N
V,IY,N,IH
W,EY,F,R
T,S,S,T
AH,N,EY,T
AE,Z,IH,T
DH,ER,K,R
DH,EH,R,N
AO,R,AE,N
AH,L,AE,N
IY,T,AH,N
R,G,AH,N
S,Y,UW,S
L,Y,AH,N
P,AO,R,T
S,T,AE,S
IH,N,K,R
L,AA,T,AH
P,EY,SH,AH
N,T,R,AH
AH,P,AO,R
IH,N,T,K
R,D,Z,K
AE,V,AE,N
AO,Z,DH,AH
Z,AA,R,D
IY,M,IY,AH
N,V,EH,S
AE,V,ER,IH
P,EH,K,T
T,M,EY,D
AE,V,AO,L
AE,F,Y,IH
P,EY,M,AH
M,AH,N,T
B,IY,IH,K
M,AE,N,AH
AE,K,S,IH
M,T,AH,D
Z,AH,G,R
AH,V,DH,AH
R,IY,L,R
N,JH,DH,IH
AH,S,IY,AH
M,AH,N,D
DH,AH,IH,N
IY,F,R,AH
T,R,EY,D
R,IY,P,T
S,AH,N,D
Z,AA,P,T
K,ER,Z,S
R,M,AO,R
L,D,ER,Z
OW,V,ER,AH
OW,D,F,R
Z,IH,T,N
IH,N,AE,N
IH,NG,IH,T
M,AY,T,AH
AE,K,T,S
EH,V,AH,N
AH,N,D,Z
S,EH,D,IH
L,IY,F,L
K,AH,T,S
P,AH,N,T
AW,N,T,IH
OY,N,T,IH
AH,M,AA,R
IH,NG,IH,T
AH,Z,EH,N
N,S,T,L
P,IH,R,AH
W,EH,N,AH
R,Z,AH,N
JH,UW,D,IH
B,AE,NG,K
B,AO,R,D
N,F,AO,R
D,ER,AH,L
Z,S,EH,L
AY,V,W,IH
N,Z,IH,N
T,AH,N,Z
Z,N,AA,T
D,S,IH,N
M,P,IY,T
UW,Z,AW,T
Z,AA,R,S
IH,D,ER,IH
EH,K,T,S
P,EH,K,T
IH,L,Y,AH
L,R,EY,T
D,AW,N,IH
DH,AH,N,AH
UW,CH,ER,Z
T,Y,IH,R
SH,AH,N,Z
V,ER,IH,N
B,AA,N,D
W,IH,L,IH
IY,R,IH,D
AE,K,W,AH
K,AA,N,D
T,AH,B,AH
Z,EY,SH,AH
ER,Z,B,IH
K,S,AH,Z
ER,F,EH,D
EH,S,P,R
B,AY,AA,N
P,AO,R,T
D,Z,IH,N
AH,V,EH,D
IH,D,IH,N
IH,S,T,AH
R,AA,F,AH
S,T,AA,K
AE,S,K,AH
IH,Z,K,AH
L,EH,F,T
N,IH,Z,IH
N,D,AH,L
K,EY,SH,AH
N,SH,EH,R
V,DH,AH,T
S,T,EY,T
AH,N,AW,N
EH,N,D,AH
AH,B,S,IH
M,IH,K,S
AA,T,OW,N
OW,L,D,IH
W,AH,N,S
T,S,EH,D
AH,T,S,T
D,EH,L,AH
IH,DH,S,AH
P,R,AA,S
T,ER,M,AH
AH,L,ER,D
IH,NG,AE,N
W,AH,L,T
N,T,P,AH
AH,V,DH,AH
AA,Z,IH,K
UH,L,D,T
T,S,P,R
TH,S,AH,N
N,UW,K,AH
AH,B,EH,T
T,AH,M,AH
T,AH,V,AH
L,D,AH,K
IH,CH,D,R
AY,N,F,AH
IH,N,K,L
IH,NG,AO,R
AH,N,UW,Z
R,EY,T,S
N,D,AH,K
M,ER,JH,AH
T,R,AH,S
N,Z,W,IH
IH,V,P,R
R,OW,G,R
AH,DH,ER,K
K,S,M,AH
NG,K,AA,T
S,AY,N,AH
AH,V,DH,IH
T,P,IH,R
B,IY,D,AH
R,T,EY,K
AH,M,P,AH
AH,N,T,IH
IH,Z,AO,L
IH,N,M,AH
JH,AH,S,T
D,AH,N,S
K,T,AH,D
EY,T,AH,N
AA,P,IH,N
S,S,IY,Z
EH,N,S,T
T,UW,S,T
IH,SH,AH,N
SH,AO,R,T
HH,AY,ER,IH
AH,L,AH,N
AH,K,AH,N
AW,N,EH,N
R,K,AH,T
D,IH,NG,AH
UW,N,IH,K
K,AH,N,S
D,IH,K,L
EY,AO,L,S
UW,B,IY,S
R,D,DH,AH
L,IY,AE,K
T,R,AE,N
AH,N,T,K
Y,ER,K,AH
AH,N,D,S
N,D,AH,N
IH,S,T,S
ER,Z,B,AH
R,D,AA,N
R,AE,N,S
D,AH,K,T
AH,K,AO,R
L,Y,AH,N
AE,S,T,AH
AH,B,AW,T
AH,B,EH,N
AH,S,S,T
N,T,S,D
M,P,AH,N
R,IH,K,S
S,K,AH,N
SH,AH,N,AH
B,IH,Z,N
L,T,EY,K
AO,R,AH,D
AE,NG,K,AH
AH,N,AH,L
D,EH,T,T
NG,AA,N,S
AH,M,P,AH
M,P,AH,N
ER,S,T,IH
B,IY,DH,AH
Z,B,AH,T
S,T,S,S
M,AE,T,IH
IH,N,P,R
AH,V,DH,AH
AH,M,AH,N
S,T,IH,N
AH,N,IH,N
L,B,IY,K
EH,N,T,R
AE,Z,R,AH
OW,T,AH,K
T,EH,N,D
T,AE,N,D
IY,Z,AH,N
T,AH,N,D
L,M,IY,T
EH,P,R,IH
AE,N,T,IH
F,L,AE,T
V,ER,DH,AH
S,W,IH,L
AH,M,IH,T
S,EH,D,IH
L,F,AH,S
S,IY,K,S
V,IY,EH,S
IY,S,AH,N
AH,V,DH,AH
AO,R,T,K
EH,K,T,S
V,ER,D,T
M,AH,S,T
EH,D,IH,T
T,M,AH,N
AH,G,EH,N
T,AE,K,S
AH,V,R,AH
IY,AH,S,S
R,AE,K,T
N,OW,M,AH
AH,M,EH,N
N,AH,S,L
IH,N,T,R
S,IH,N,K
P,L,AE,N
T,R,AH,L
AH,T,AE,K
L,D,EH,T
K,IH,NG,AH
F,AO,R,AH
SH,AH,N,IH
HH,IY,AE,D
T,F,OW,L
M,AH,N,T
D,W,UH,D
T,W,ER,L
EH,S,T,IH
D,AH,N,D
ER,W,AH,N
S,T,UH,D
S,IH,NG,AH
R,AH,D,AH
AE,N,AH,N
AH,D,IY,AH
AA,R,T,IH
EH,N,IY,IH
N,AH,S,T
ER,M,DH,IH
T,OW,L,D
P,AA,Z,IH
JH,M,AA,R
R,AY,Z,IH
S,P,AO,R
AH,L,AH,N
V,EH,N,T
HH,IY,D,IH
T,R,AH,S
N,S,T,IH
IH,TH,D,R
AA,S,EH,S
AH,T,OW,T
OW,L,DH,AH
IY,AE,Z,L
IH,V,AH,N
N,DH,AH,K
K,W,AO,R
ER,DH,AH,IH
UW,M,AA,D
W,IH,L,S
N,Y,AH,N
AH,S,DH,AH
AH,N,F,R
ER,AW,N,D
D,IH,D,N
L,IY,IH,N
L,Z,F,R
K,AW,N,T
Z,AE,N,IH
Y,UW,Z,D
S,W,UH,D
N,AE,SH,AH
Y,UW,N,AH
M,ER,SH,AH
S,CH,EY,N
N,AA,M,IH
N,T,IH,N
AH,G,EH,N
K,S,EH,S
T,UW,EH,N
B,R,AE,N
S,IH,N,S
AA,N,G,R
N,G,IH,L
S,EH,D,IH
R,IY,AH,N
P,L,AE,N
T,AE,K,T
AA,Z,IH,K
T,AH,M,AH
AE,N,D,T
G,Z,IH,S
IY,EH,N,T
N,Z,AE,T
TH,R,IY,K
W,ER,AH,N
M,D,EY,IH
M,AA,R,K
TH,R,EH,D
N,T,W,IH
L,F,R,AH
Z,D,P,R
AH,N,T,IH
IH,M,EH,N
DH,W,AY,T
AE,T,P,R
M,P,AH,N
T,S,IH,S
V,IY,AH,S
S,M,AO,R
AO,R,N,IH
ER,ZH,AH,N
EH,P,R,IH
S,AO,R,T
IH,N,AH,S
K,S,EH,N
ER,AH,P,S
JH,AH,N,AH
T,L,IY,S
T,AA,K,S
UW,T,IH,L
AY,N,S,IH
AH,Z,EH,N
IH,DH,EH,K
T,R,EY,T
B,IY,S,T
IH,N,K,R
T,S,EH,K
M,IH,K,T
T,S,AA,R
UW,L,EH,N
IH,NG,DH,AH
N,T,W,IH
AA,L,OW,IH
M,UW,V,D
K,AH,N,T
AO,R,Z,AH
ER,Z,EH,K
S,AH,V,K
S,T,DH,AH
JH,K,AH,S
AH,R,EY,T
IH,N,D,AH
EH,V,AH,N
S,ER,N,AH
T,R,EY,D
D,IH,D,N
M,IH,K,AH
S,SH,IY,T
N,D,DH,AH
T,OW,L,D
IY,T,OW,L
AH,M,AA,R
EY,N,JH,R
EY,N,JH,R
L,IH,R,L
ER,M,Z,AH
T,EH,K,N
AO,R,D,AH
AE,T,D,IH
AY,Z,AH,N
EH,K,T,S
AY,D,IH,D
N,AA,M,AH
AE,P,AH,T
N,T,EH,N
UW,T,R,AH
AH,T,ER,Z
L,EH,V,AH
S,T,ER,D
HH,EH,L,D
EH,S,R,IH
D,DH,EH,R
D,IH,N,AH
AH,N,IH,T
L,IY,N,AH
L,AY,N,IH
D,DH,EY,K
P,IY,K,AH
R,AH,N,T
S,EH,S,IH
D,EY,DH,AH
N,S,IH,N
R,EY,N,AH
N,V,AE,L
V,ER,M,AH
S,T,AA,K
Z,S,EH,D
EH,M,AW,T
N,T,AA,N
HH,AE,V,T
AH,N,P,R
UW,P,AA,R
Z,S,EH,K
T,ER,Z,AH
AY,T,T,R
IH,N,AH,S
B,IH,N,IH
L,IY,IH,N
F,L,EH,K
AH,V,DH,AH
UH,K,S,AH
T,W,AH,N
IH,K,EH,N
SH,EH,R,AH
W,AA,Z,AH
D,IY,L,IH
Z,AH,B,AH
AY,N,ER,S
L,UW,D,IH
F,AO,R,AH
R,EH,N,D
AE,G,R,IH
NG,K,TH,IH
EH,N,D,AH
Z,HH,IY,AH
V,F,AO,R
T,W,UH,D
R,K,AH,T
D,N,AA,T
AE,K,T,IH
EH,S,T,AH
T,ER,S,T
AH,V,ER,N
ER,HH,AE,Z
B,AW,T,AH
M,AW,N,T
IH,N,S,AH
M,DH,AE,T
AH,N,D,IH
N,K,ER,AH
IY,T,AH,D
AH,S,T,S
IH,N,K,R
T,Y,IH,R
AH,M,IH,S
D,W,IH,L
IH,V,AY,Z
HH,OW,S,T
S,EH,T,AH
K,AE,P,AH
M,L,AE,S
JH,AH,N,T
AH,D,UW,S
Z,L,AE,S
N,P,R,IH
AE,N,Z,T
M,IH,N,AH
B,AE,NG,K
EY,T,IH,D
M,B,AY,N
IH,V,AH,L
P,AH,T,AH
N,N,IY,D
IY,M,AH,N
R,IY,D,AH
IH,K,T,IH
AY,AH,N,T
W,IH,DH,S
EH,SH,AH,N
EH,F,ER,T
ER,AH,N,S
L,IH,SH,AH
AO,R,S,AH
IY,CH,ER,D
T,F,R,AH
AH,S,IY,Z
Z,S,EH,D
Z,T,UW,D
Y,AH,N,L
N,T,W,IH
T,IH,NG,K
N,AH,V,AH
N,D,IH,S
AA,R,K,AH
AA,N,T,R
T,UW,K,AH
AH,M,P,AH
EY,T,AH,Z
EY,Z,F,R
Z,AA,N,S
AH,B,AH,L
AY,Z,D,IH
S,F,AH,N
AH,T,IY,T
Y,UW,AE,N
K,ER,AH,N
S,V,AE,L
IH,F,AO,R
P,R,AY,S
AH,SH,EH,R
R,AE,SH,AH
F,AO,R,AH
D,L,EY,T
HH,IH,K,AH
K,AA,S,T
IY,AE,N,AH
S,W,IY,K
M,B,ER,K
ER,M,IH,T
IH,N,AH,R
T,AA,N,IH
AH,N,IH,N
T,DH,EH,R
Y,EH,S,T
S,EH,D,IH
S,F,ER,S
V,IH,T,S
AA,Z,K,AH
AH,N,K,AH
IH,L,Y,AH
UW,S,M,IH
AH,L,AE,D
M,AA,R,K
L,AW,D,IH
AY,T,IH,N
B,AY,S,AH
EH,V,R,AH
R,D,W,IH
AH,M,P,AH
S,W,IH,L
L,V,IH,D
R,AH,D,IH
AE,T,AE,N
IH,V,EH,L
L,AY,N,Z
AH,N,S,AH
T,S,AY,D
R,Z,IH,N
IH,N,G,R
L,IY,V,IH
M,EY,N,IH
EH,D,IH,T
T,AH,N,Z
AY,M,AA,N
DH,IH,N,K
N,AH,G,L
B,IH,Z,N
M,AH,N,T
D,B,IH,N
AA,Z,S,T
EY,K,IH,L
M,EH,T,R
AH,F,AO,R
N,Y,IH,R
IH,F,EH,K
R,EY,T,T
SH,AH,N,Z
S,SH,AO,R
AE,S,EH,T
N,AA,N,IH
S,IH,G,Z
UW,P,AE,S
OY,N,T,AH
N,P,R,IH
V,R,IH,Z
L,AW,D,IH
N,IH,F,IH
S,T,ER,D
AH,N,S,IH
Z,B,AE,K
L,AE,K,S
EH,K,R,AH
D,P,AA,L
R,K,AH,T
N,S,T,AH
DH,AH,P,R
DH,AH,P,R
T,ER,Z,AH
IY,S,EH,N
M,AH,N,T
B,IY,L,IH
N,V,AH,N
EH,D,DH,AH
EH,M,P,L
N,T,S,T
W,IH,K,L
EH,M,P,L
T,IH,T,S
UW,T,IH,N
T,S,IH,N
P,L,AE,N
Z,F,AO,R
D,EH,N,D
D,EH,N,D
R,AY,S,AH
Z,AH,N,D
OW,P,AH,N
L,AH,V,IH
N,L,UH,R
EH,V,AH,N
IH,Z,IY,Z
L,M,EY,K
V,DH,AH,T
T,AH,N,D
AH,S,DH,AH
N,T,IH,N
S,ER,V,AH
T,AA,K,IH
ER,N,IH,N
AW,N,S,AH
ER,DH,AH,S
N,IY,AO,L
Z,AH,V,AH
R,AY,S,K
AH,D,AH,K
AH,S,T,AH
IH,N,IH,T
IY,EH,S,T
AE,P,AH,T
N,IH,SH,AH
AH,JH,EH,K
S,T,AA,R
P,OY,N,T
IH,NG,DH,AH
IH,D,DH,AH
IH,F,AO,L
AO,F,ER,IH
IH,ZH,AH,N
IY,AH,M,K
DH,AH,AE,D
N,S,EH,D
T,HH,AE,D
S,AH,N,T
N,D,Z,R
Z,AH,N,D
AH,N,T,IH
V,DH,AH,T
Z,AE,T,S
K,AH,N,D
W,IH,CH,L
ER,IH,NG,S
OW,TH,K,AH
N,T,W,IH
ER,R,IY,AH
AH,D,IH,T
B,IH,L,R
S,EH,K,AH
T,UW,F,AH
V,EH,L,AH
P,AH,B,IH
SH,AH,N,Z
T,AY,M,IH
M,IH,NG,T
T,SH,EH,R
L,T,IY,Z
IH,R,Z,S
AO,R,EH,L
HH,AA,R,D
AH,N,T,S
N,T,EH,S
B,AE,NG,K
IH,NG,IH,N
AH,K,AH,N
AH,D,EH,T
CH,IH,T,S
EH,D,ER,L
IH,NG,AE,S
V,S,IY,Z
AH,G,UH,D
T,EH,K,N
IH,TH,AW,T
ER,Z,IH,N
AY,V,ER,S
P,L,AE,S
AH,S,D,IH
NG,K,ER,Z
EH,T,AE,T
T,AH,N,D
AH,M,P,AH
AH,B,AH,L
AH,V,DH,AH
K,R,IY,S
ER,D,IH,L
F,IH,S,IH
T,AA,K,IH
UW,P,ER,S
IY,L,EH,S
R,IY,AH,T
D,T,UW,L
D,IH,NG,D
B,IH,L,AH
T,UW,DH,AH
HH,AE,Z,D
AY,M,IY,N
L,Y,UW,Z
M,P,T,T
D,IH,T,S
T,AH,S,T
S,P,EH,K
N,B,IY,IH
UH,T,AE,T
S,F,R,AH
R,AH,K,IH
S,F,AO,R
D,HH,IY,S
UW,W,IY,R
L,AW,D,T
S,F,IH,S
R,AH,D,AH
N,S,ER,T
S,P,L,IH
B,AE,R,AH
D,ER,DH,AH
N,AH,L,R
L,AH,N,D
UW,S,IH,N
B,AE,R,AH
IY,D,K,R
Z,AH,N,AH
AE,NG,K,S
N,AH,N,D
L,IH,N,T
HH,AA,R,D
N,D,AH,S
S,T,AH,N
AH,T,B,R
L,Y,IH,R
OW,P,AH,N
IH,D,EH,K
AH,D,AE,T
UW,T,EH,N
L,EH,JH,D
IH,NG,T,AH
EH,R,AH,N
T,AE,F,T
D,AH,S,T
S,F,R,AH
Z,IH,SH,AH
L,L,AY,K
DH,AH,T,R
DH,AH,F,L
N,D,F,AH
AH,S,T,R
W,ER,L,D
T,M,AY,T
D,ER,Z,S
F,ER,S,T
ER,K,AE,N
AH,V,EY,L
K,AA,SH,AH
T,D,AW,T
DH,AH,D,IH
S,IH,K,S
K,AW,T,AH
EH,N,S,IH
L,AY,T,L
IY,R,EY,T
L,AH,S,T
R,EY,D,IH
ER,Z,DH,AH
L,IH,NG,IH
AA,N,AH,T
R,EY,T,S
CH,UW,AH,N
IH,N,AH,S
R,T,IH,D
T,IH,NG,IH
AH,B,AH,L
P,AH,B,L
N,DH,AH,R
ER,IH,T,S
AH,R,AH,D
R,UW,V,D
AH,T,W,IH
R,AH,K,AH
CH,ER,Z,S
AA,N,AH,T
SH,AH,N,Z
IH,F,EH,K
NG,K,S,IH
D,EY,W,IH
R,D,W,IH
EH,K,S,AH
IY,L,D,K
K,SH,AH,N
L,AE,N,T
IY,V,Z,T
S,W,IH,L
L,AE,N,Z
M,EH,S,T
K,AH,L,T
S,IH,NG,AH
D,ER,AH,L
SH,AH,N,T
AA,P,T,R
D,P,R,AH
P,AE,K,AH
M,D,AE,T
AE,L,AH,N
EY,D,IH,D
T,F,AO,R
M,EH,N,T
M,EH,N,T
K,T,AH,D
N,CH,AA,R
Z,N,AH,S
S,AH,Z,S
ER,W,ER,AH
IY,AH,L,K
T,R,IY,Z
EY,IH,N,T
EY,M,AH,N
S,ER,P,L
R,EH,Z,AH
EY,SH,AH,N
R,D,AH,N
F,T,ER,S
DH,AH,K,AH
DH,AH,AE,L
AO,N,CH,T
AH,D,AH,N
AO,DH,EH,R
EY,T,AH,D
N,D,AH,D
EH,R,M,AH
AH,N,D,K
Z,S,EH,D
AH,L,M,IH
K,AA,N,T
M,AH,N,T
N,IH,NG,Z
R,IH,K,S
M,OW,S,T
AE,T,AE,N
M,P,T,IH
R,K,T,AH
T,EH,N,D
K,T,AH,D
D,F,AA,L
AH,P,IH,N
Y,IH,R,D
Y,IY,L,D
T,P,R,AH
D,EH,S,T
EH,K,T,IH
Z,AH,L,T
D,IH,T,R
Z,L,EH,D
T,G,EY,N
T,ER,TH,R
T,UW,K,AH
IH,NG,DH,AH
IY,SH,EH,R
T,IH,T,IH
ER,AO,R,D
G,IH,L,T
AE,T,D,IH
W,AH,N,AH
Z,M,OW,S
T,UW,S,AH
L,IH,M,AH
OY,N,T,S
N,T,S,T
B,AA,N,D
OW,P,AH,N
D,ER,AH,T
N,T,EH,S
Z,S,EH,D
R,EH,Z,AH
K,EY,SH,AH
SH,AH,N,AH
AO,F,ER,D
L,AH,B,AH
EH,S,T,AH
R,EY,D,IH
OW,P,AH,N
OW,P,AH,N
R,DH,OW,Z
P,W,ER,D
AO,R,T,AH
B,R,AO,D
N,DH,AH,K
L,IY,IH,N
T,IH,D,AH
T,UW,S,T
V,ER,AH,N
S,AH,Z,S
IY,L,ER,Z
IY,CH,EY,N
S,IH,L,AH
ER,SH,EH,R
AE,NG,K,T
IH,F,T,IH
L,EH,N,D
T,ER,IH,N
S,IY,T,S
T,AH,F,IH
D,AO,L,S
AH,DH,ER,T
NG,B,AH,T
D,R,IH,L
HH,EH,L,D
T,UW,B,IH
L,OW,ER,T
IH,R,IY,AH
AH,JH,AH,S
F,AE,K,T
EH,K,T,IH
IH,K,T,IH
AH,D,EY,S
AH,K,AW,N
S,P,AO,R
S,T,Y,IH
P,AW,N,D
V,ER,M,AH
T,R,AE,K
AH,M,P,AH
AA,D,AH,K
SH,N,UW,Z
AA,K,S,IH
S,P,OW,K
S,R,AY,Z
IH,N,S,L
T,Y,UW,S
S,EY,M,T
IH,N,P,L
AO,L,D,IH
F,IH,SH,AH
S,T,S,R
AH,M,IH,T
EH,K,Y,AH
D,EY,T,AH
T,S,AA,N
K,ER,B,K
L,IH,P,T
N,F,IH,K
IH,R,S,AH
B,AA,N,D
W,IH,DH,L
S,AH,B,S
AH,M,AW,N
AH,L,DH,AH
N,IH,R,IH
EH,N,T,R
NG,IH,N,T
M,AO,R,N
IH,L,IH,T
N,UW,N,T
AA,G,Z,T
Z,AA,R,K
T,AH,D,IH
OW,N,F,R
S,AH,Z,K
N,OW,D,IH
T,R,EY,D
S,F,R,AH
IY,P,AO,R
AH,N,D,IH
OW,K,AH,L
D,DH,AH,R
P,M,OW,S
T,UW,K,AH
AO,L,W,IH
AH,N,D,K
T,AH,L,N
AH,EH,L,AH
AH,D,IH,S
D,ER,EH,K
AA,D,ER,AH
B,UH,SH,AH
D,F,AO,R
P,EH,R,D
ER,AW,N,D
S,S,IH,K
R,P,OW,L
AH,S,IY,D
B,AY,DH,AH
S,AH,Z,T
IY,W,AH,N
S,AH,N,D
N,AH,L,IH
UW,CH,ER,Z
R,M,AA,R
S,S,T,R
IH,DH,DH,AH
AH,V,DH,AH
D,AH,K,T
N,UW,TH,R
D,B,IY,IH
IH,SH,AH,N
EY,N,Z,AH
B,AA,N,D
AH,T,IY,Z
B,AY,N,D
P,HH,IY,R
EH,P,R,IH
T,T,UW,K
TH,AO,T,AH
T,R,AH,S
AH,S,AH,N
IH,S,IH,Z
IY,F,AW,N
L,AW,T,L
OW,Z,L,IH
AA,Z,JH,AH
ER,N,UW,N
D,EH,K,S
UW,K,AA,T
AH,S,D,IH
JH,AH,Z,AH
AH,D,IH,N
AH,L,IH,S
EH,S,K,AH
IH,N,DH,AH
EY,T,ER,Z
N,V,EH,S
R,D,ER,AH
T,AH,D,S
IH,V,EH,N
AA,R,JH,L
L,S,EY,L
IY,L,ER,Z
AA,D,AH,S
N,T,IH,N
IY,EY,SH,AH
D,IH,L,IH
IH,Z,IH,N
S,EH,D,IH
P,R,AY,S
T,AH,N,D
S,EH,D,IH
N,AH,JH,D
N,DH,AH,N
K,R,EH,D
W,UH,D,S
K,CH,ER,D
IH,SH,AH,N
T,OW,T,AH
T,ER,AE,N
AH,F,ER,S
T,UW,K,AH
AH,N,UW,Z
IY,P,AO,R
Z,W,AO,R
SH,AH,N,N
AH,N,EY,T
N,T,DH,AH
EY,K,S,T
AH,M,EH,S
IH,L,IH,K
AY,T,UW,T
W,AO,R,T
N,IH,SH,AH
T,V,AE,L
AE,B,L,IH
UW,DH,AH,D
AH,R,AY,Z
K,AH,N,T
AH,M,AH,N
T,IH,K,K
K,AH,N,D
UW,JH,IY,K
D,M,OW,S
K,Y,AH,L
K,T,IH,Z
S,T,ER,N
B,L,AH,K
G,R,EY,T
AA,L,OW,IH
S,IH,N,IH
UW,T,ER,S
IY,IH,NG,K
ER,AO,R,T
AH,T,AH,N
TH,R,UW,IH
T,UW,IH,K
IY,L,ER,Z
AA,N,DH,AH
IH,V,D,IH
T,AY,M,Z
R,D,L,IH
AH,L,IH,K
N,IH,T,S
L,S,T,IH
AH,K,T,S
S,M,AA,R
JH,AH,S,T
D,Z,AO,L
IY,F,P,R
L,DH,AH,AH
R,EY,D,IH
P,R,AH,D
IH,L,Y,AH
AE,JH,UW,AH
G,OW,L,D
S,EH,V,AH
AH,N,D,AH
P,F,R,AH
S,M,AO,L
AH,N,T,T
T,HH,AE,Z
IY,N,IY,D
T,B,AE,T
AH,V,F,IH
W,IH,K,L
IY,ER,AW,N
T,UW,DH,AH
Z,AH,V,D
IH,P,EH,N
T,AH,N,AH
T,L,OW,R
S,F,ER,S
Z,K,AA,N
UH,D,JH,AH
IH,F,DH,AH
AH,T,OY,L
EY,L,Z,AH
F,IH,K,AH
N,SH,AH,L
AH,L,Y,IH
AH,L,IY,IH
Z,AH,N,D
D,R,AW,T
S,AA,R,T
AH,N,Y,IH
IY,K,EH,S
IH,N,S,T
SH,AH,N,Z
NG,K,W,AH
D,T,UW,T
IH,L,W,AH
Z,HH,AE,D
P,L,AE,N
S,P,AY,T
DH,AH,K,L
UW,S,AH,N
K,B,IH,L
IH,Z,EH,N
AY,ER,Z,IH
IH,L,Y,AH
T,R,IY,Z
N,D,AH,S
AH,V,D,IH
EY,N,JH,AH
AH,M,K,AH
DH,IH,T,S
L,IY,DH,AH
P,IY,L,D
AE,N,D,L
T,S,EH,K
IY,L,AE,S
M,EY,SH,AH
R,OW,TH,R
AA,N,IH,T
AO,R,T,IH
UW,B,AA,R
S,IY,F,R
B,IY,P,AH
T,AH,V,N
T,Y,UW,N
HH,IY,IH,K
NG,K,B,IH
L,Y,AH,N
P,AA,R,T
AA,R,P,R
D,DH,EH,R
T,B,EY,S
N,SH,EH,R
AA,F,AH,T
AH,V,AY,D
K,D,UH,R
AA,S,EH,S
T,IH,D,K
IY,DH,AE,T
V,ER,DH,AH
AA,T,R,IH
Z,B,IH,N
IH,N,DH,AH
K,HH,OW,L
N,T,AH,L
AA,R,T,AH
N,IH,F,IH
OW,L,AH,N
Z,AE,F,T
K,R,IY,S
AH,D,IH,N
EY,T,AH,D
HH,AE,Z,S
K,AH,S,T
D,IH,S,T
Z,AH,P,R
V,IY,EH,S
L,EH,K,T
AH,K,AH,L
P,R,AY,S
M,P,EH,T
W,AH,T,IH
T,M,AH,N
EY,T,IH,D
AH,N,D,IH
N,D,IH,N
EH,R,IY,IH
L,AH,M,Z
T,S,AE,S
D,AH,M,AH
Z,B,AH,T
D,T,AE,K
T,M,AH,N
S,EH,D,L
F,AH,K,AH
Z,AH,T,IH
K,Y,UH,R
CH,M,IY,N
S,T,IH,N
N,OW,T,S
EY,T,IH,D
CH,AH,S,T
AY,S,D,IH
EY,M,AH,N
T,K,AH,N
N,Y,UW,AH
T,OW,L,D
P,OY,Z,D
IH,M,AH,N
N,S,AA,N
EH,S,T,AH
AH,M,P,L
EY,T,K,AH
IH,S,T,AH
UW,AE,K,T
IH,NG,K,AH
T,N,ER,Z
N,AA,T,K
AA,R,P,AH
DH,AH,AO,T
S,T,Y,IH
M,AE,N,D
IH,K,AH,L
W,IH,DH,S
D,UH,R,IH
IY,JH,AH,N
F,AO,R,R
V,N,OW,T
EH,D,DH,AH
AH,B,AH,L
AH,TH,ER,D
EH,S,IH,N
N,IY,EH,S
AY,L,Z,IH
IH,L,Y,AH
D,L,AE,S
S,T,EH,N
ER,Z,DH,IH
D,IH,N,T
AA,D,AH,K
IY,S,EH,D
IY,M,AH,N
AH,W,IH,L
AH,S,IH,N
L,Y,AH,N
NG,K,DH,AH
W,UH,D,R
R,K,AH,T
DH,AH,B,IH
N,D,W,IH
S,P,EY,S
AE,Z,R,AH
D,T,EY,K
JH,ER,D,IH
AH,EH,S,T
S,T,AH,L
T,UW,SH,AH
AE,N,D,R
EH,D,IH,T
AO,N,CH,T
N,Z,AH,T
AH,N,T,IH
EY,T,IH,D
UH,D,IH,K
L,IY,D,IH
N,T,R,AH
UW,M,ER,Z
N,T,EH,S
N,S,IY,D
K,AH,L,R
G,N,AA,S
F,AO,R,D
L,W,UH,D
AY,AH,P,T
D,AH,D,IH
IH,NG,AE,S
IH,NG,AH,N
P,L,AE,S
EH,N,N,AH
IH,N,IH,S
L,F,EH,L
L,AH,B,AH
IH,N,DH,AH
AH,N,T,T
AW,T,S,T
EH,T,DH,AH
T,IH,D,S
L,Y,AH,N
S,EH,D,IH
IH,F,IH,N
P,AH,S,AH
JH,EH,K,T
K,T,UW,T
IH,K,G,R
S,F,AO,R
R,K,AH,T
S,T,ER,D
N,D,DH,AH
EH,S,AH,S
AA,R,M,L
R,AA,P,T
EH,R,D,T
SH,AH,N,Z
K,AH,N,T
N,T,S,AH
F,AO,R,AH
B,AH,L,D
T,IH,D,D
K,T,ER,Z
L,AH,P,R
T,IY,Z,IH
G,AH,N,IH
T,L,AE,S
S,ER,T,AH
F,AY,L,IH
T,AH,D,T
AH,L,IY,N
F,IH,S,K
IH,K,AA,N
AH,K,SH,AH
IY,IH,Z,N
UW,EH,N,D
M,P,AH,N
D,ER,Y,IH
AY,T,M,AH
AH,N,T,S
UW,S,IH,T
T,IH,L,AH
S,T,UW,K
W,UH,D,AH
AA,N,S,AH
S,AO,IH,K
T,IH,NG,IH
S,T,EY,T
IH,M,P,R
V,ER,M,AH
ER,T,AH,N
N,OW,T,S
TH,R,AH,S
P,W,EH,N
DH,AE,T,S
R,OW,L,IH
M,W,ER,K
IH,N,AH,S
L,ER,AH,N
R,UW,ER,L
AH,S,IY,IH
IH,N,DH,AH
IY,W,UH,D
N,T,R,AH
D,F,AO,L
IH,NG,DH,AH
K,AA,M,AH
L,AE,N,T
V,ER,P,R
S,IH,V,L
B,AA,N,D
NG,K,AH,N
T,Y,EH,N
V,F,AH,N
CH,ER,Z,T
T,OW,T,AH
IH,Z,IH,K
L,IH,T,AH
S,EH,D,IH
L,D,ER,Z
L,IH,S,T
AH,N,S,AH
IY,K,W,AH
K,AH,T,S
IH,G,AA,R
AE,NG,K,S
UW,SH,AH,N
K,ER,AH,N
AH,Z,IH,N
K,ER,AH,N
EY,N,JH,AH
AH,T,IY,Z
L,IY,IH,N
R,EY,D,IH
N,S,IH,Z
IH,N,AH,S
S,EH,K,S
M,AA,R,K
B,R,AH,T
IH,N,F,L
N,JH,M,AH
AH,L,AH,T
T,EH,S,T
Z,AH,N,D
N,EY,SH,AH
N,EH,S,IH
M,IY,T,IH
EH,N,T,R
IH,T,P,R
L,IY,V,D
L,ER,AA,R
AH,Z,AO,R
P,R,AH,D
S,HH,AA,R
IY,AH,L,Z
T,R,IY,S
N,DH,AH,D
IH,N,AH,S
B,AA,N,D
UW,Z,F,L
AA,N,DH,AH
R,K,AH,T
UW,P,IY,Z
B,AA,N,D
AW,AA,R,L
N,EH,T,IH
T,UW,Y,IH
IH,F,AO,R
Z,W,AH,N
EH,D,IH,T
M,P,AH,N
SH,UH,R,AH
AA,R,K,AH
W,AH,N,D
P,AH,B,L
AH,S,T,R
L,AY,AH,N
DH,AH,P,AH
S,IH,S,AH
S,T,EH,N
M,AA,R,K
SH,AH,N,T
F,AH,N,D
OW,F,AA,R
IH,T,S,S
IH,Z,IH,K
AY,S,AH,Z
W,IY,K,S
Z,AO,F,AH
AH,N,T,S
AA,N,S,T
R,T,OW,N
AH,N,S,IH
R,G,AH,T
D,AH,P,D
CH,W,AH,N
AY,T,AH,L
IH,T,IY,AH
R,IH,T,S
N,D,IH,T
G,Z,AH,N
Z,AH,P,IH
IH,Z,AH,N
EH,V,AH,L
AH,N,T,K
Z,IH,K,S
S,IY,D,Z
P,F,R,AH
R,F,IY,D
K,AH,N,T
R,IY,AH,L
F,EH,N,IH
S,AH,G,N
D,EY,AE,T
P,AA,R,T
M,AA,N,AH
T,IH,V,Z
AH,S,T,N
S,EH,D,IH
HH,AE,D,K
EY,T,IH,Z
B,R,AO,T
B,AH,JH,IH
AO,R,T,IH
Z,N,AH,S
Z,IH,N,K
Z,G,EY,N
IH,N,AH,K
IH,S,T,AH
R,IY,EY,T
K,L,UW,D
ER,Z,IH,N
EH,K,SH,AH
L,V,AE,L
M,ER,K,R
AH,N,IH,K
T,DH,AE,T
Z,IH,T,S
EY,N,T,S
N,T,S,AH
V,M,EY,Z
AY,S,IH,T
T,AH,D,T
AE,K,T,T
Z,S,IY,N
IH,S,T,IH
T,DH,AE,T
EH,N,S,IH
T,R,EY,D
F,ER,S,T
T,IH,N,AH
DH,AH,P,R
IY,IH,NG,AH
EH,R,K,R
K,ER,AH,N
K,AO,L,D
M,B,ER,Z
N,SH,AH,N
T,AA,K,IH
S,P,R,AH
AH,V,ER,N
S,F,AO,R
AO,R,M,AH
T,M,AH,N
R,M,AH,N
AE,Z,P,R
S,ER,V,AH
S,ER,K,AH
R,EH,S,IH
TH,W,EH,S
R,AY,S,S
M,AH,N,S
V,S,IH,K
IH,L,Y,AH
AY,N,D,K
V,EH,L,AH
R,Z,IH,N
S,F,R,AH
IH,JH,P,R
AH,N,AE,N
B,IY,B,R
R,K,AH,T
F,DH,IH,S
IH,Z,IH,N
T,W,UH,D
AH,M,P,AH
IY,K,UH,D
AW,N,D,Z
P,R,AH,D
UW,M,ER,Z
AH,N,T,IH
P,AO,R,T
AH,S,AE,K
AH,M,IH,T
N,IH,L,N
IH,L,N,IH
N,IH,L,N
N,IH,L,N
JH,M,AH,N
N,T,EY,N
B,R,OW,K
IY,K,W,AH
UW,D,AH,D
IH,S,T,IH
V,N,AA,T
G,R,EY,N
AH,M,P,L
D,W,IH,N
D,IH,N,K
Z,AH,N,D
K,AO,R,S
K,R,UW,Z
AH,V,B,IH
EH,K,SH,AH
IH,R,IY,AH
K,R,EH,D
K,W,AY,R
AY,R,M,AH
N,SH,AH,L
T,IH,D,D
R,EY,T,IH
UH,R,D,D
F,S,F,R
S,T,IH,D
D,ER,AH,L
IH,Z,AH,L
P,AA,N,S
ER,CH,AH,S
S,P,EH,N
DH,AH,P,R
SH,AH,N,AH
F,AA,L,IH
AH,M,P,AH
Z,IH,S,T
N,D,EH,K
AH,N,T,S
D,B,AH,T
M,K,AH,N
M,P,AH,N
JH,ER,AE,K
IY,K,AE,N
V,S,IY,K
S,TH,S,T
DH,AH,S,T
IH,F,DH,AH
L,UW,D,Z
R,IH,T,IH
AA,M,P,T
Z,F,AO,R
ER,D,IH,T
EH,N,S,T
M,P,AO,R
EY,SH,AH,N
G,UH,D,Z
AH,N,AH,N
AH,N,S,T
AO,R,DH,AH
S,P,EH,N
N,AH,S,T
AH,N,T,R
M,IH,N,AH
Z,ER,V,Z
EH,R,IY,AH
T,ER,Z,R
DH,AH,IH,N
IY,S,EH,D
S,T,R,AH
L,T,AH,D
D,IH,NG,AH
SH,AA,P,IH
OW,S,IH,R
R,EY,T,S
AH,N,T,T
IH,SH,N,AH
N,W,AO,R
T,S,AA,R
AE,Z,AE,N
S,M,AH,N
D,EH,N,T
EH,N,SH,AH
D,AO,L,R
AE,N,D,T
N,T,DH,AH
AE,Z,K,AH
Z,K,AH,N
Z,S,IH,N
AE,NG,K,N
L,IY,T,D
T,L,IY,S
T,DH,AE,T
F,EY,S,T
P,R,AH,T
T,AH,K,L
L,AY,S,AH
N,D,Z,AH
F,IH,K,AH
OW,AO,R,D
AH,IH,N,T
AH,N,SH,IH
AH,K,SH,AH
R,AH,D,AH
R,IH,N,T
T,W,IY,K
IH,N,D,AH
W,EY,F,R
AA,N,D,T
N,D,AH,D
AH,IH,N,T
N,AH,S,IH
T,AH,N,Z
P,EH,R,AH
EH,R,AH,N
S,T,AA,R
B,IH,L,Z
D,B,AA,N
B,AA,N,D
ER,AH,N,T
N,JH,AH,Z
AO,R,IH,N
B,AE,NG,K
SH,EH,R,Z
IH,L,EH,K
AH,N,D,AH
IH,K,D,IH
AO,R,IY,T
K,OW,L,D
D,N,AA,T
IH,N,K,R
AH,S,W,AH
EH,JH,AH,S
IH,L,B,IH
M,AH,N,T
AH,N,IH,N
AA,R,K,S
JH,D,AH,K
R,D,AE,Z
R,IY,AH,D
T,UW,DH,AH
IH,NG,IH,T
DH,AH,F,AH
T,R,AH,S
Z,P,UH,T
NG,T,UW,S
F,IY,L,D
R,AH,S,T
K,SH,AH,N
T,UW,IH,N
K,S,R,AH
P,R,AH,T
SH,AH,N,S
N,AW,N,S
M,IH,K,K
AH,N,IY,Z
AH,R,IH,N
W,EY,K,AH
R,OW,N,S
D,IH,T,IH
R,HH,AW,S
T,AE,K,S
M,AH,N,S
NG,M,AA,R
AE,K,T,IH
R,EY,D,T
K,S,P,L
S,EH,K,T
ER,AH,N,T
EH,T,AH,L
L,IH,R,AH
AH,D,AW,N
R,D,IY,R
D,D,IH,S
TH,R,OW,AH
S,IH,S,T
T,R,EY,N
K,AH,T,S
EH,S,IH,K
AH,N,K,AH
S,M,AH,N
OW,S,T,AH
T,M,AH,N
AE,N,AH,N
Z,S,UW,N
K,OW,AO,R
K,B,IH,L
DH,EH,R,K
EH,S,B,IH
IH,T,ER,Z
K,CH,ER,IH
N,ER,AH,L
K,L,UW,D
UH,D,S,L
L,EH,S,D
L,IY,S,T
N,AW,N,S
P,AA,S,AH
Y,UW,Z,D
S,T,UW,D
EY,T,IH,T
R,EH,P,R
S,F,AO,R
IY,S,EH,D
M,ER,P,R
V,IY,EH,S
W,AA,Z,AH
AO,R,T,AH
M,AH,T,L
V,T,R,AH
EH,K,T,AH
R,IY,Z,N
T,IH,V,Z
D,Z,AH,N
S,AH,N,D
AH,D,UW,S
AH,SH,EH,R
S,IH,S,T
AH,P,EY,T
R,M,AE,T
ER,CH,UW,AH
D,HH,AA,R
AO,R,DH,AH
IH,N,IH,T
B,AA,N,D
M,AH,N,T
AH,L,AA,R
EH,S,AH,N
AH,T,ER,IH
T,N,OW,Z
SH,EH,R,Z
S,K,EY,S
Z,N,OW,IH
N,Z,HH,IH
S,EH,T,T
ER,IY,R,IH
S,EH,T,S
W,UH,D,K
AH,T,R,IH
B,AA,N,D
IH,L,Y,AH
T,AH,S,T
N,S,DH,AH
IH,L,Y,AH
AH,K,AW,N
N,DH,OW,Z
AH,L,AO,S
S,T,IH,T
L,IY,S,T
V,L,IY,IH
DH,AE,N,T
AH,N,D,IH
IY,S,OW,L
UW,B,IY,K
B,IY,K,AH
P,R,AY,S
R,EY,D,IH
AH,M,IH,T
AH,N,T,IH
DH,AH,G,R
L,IY,R,IH
EH,S,P,L
IH,T,K,AH
S,T,AH,D
ER,ER,N,IH
N,L,AO,S
K,AA,M,AH
M,AE,N,AH
N,V,EH,S
T,S,OW,N
S,M,AH,N
Z,D,UW,T
P,EH,K,T
AA,F,AH,T
N,D,AH,D
AH,N,D,S
OW,L,D,IH
AH,N,T,IH
K,S,EH,D
AH,F,ER,S
T,AE,N,IH
L,IH,N,T
AH,B,S,IH
L,Y,AH,N
K,W,AH,Z
IH,Z,B,IH
AY,V,AH,T
IY,S,EH,D
W,AH,N,S
P,T,IH,K
ER,Z,W,IH
L,AY,S,AH
AY,AH,N,S
T,DH,AH,AH
D,N,EH,T
IH,Z,S,T
ER,AH,N,AH
AA,R,K,AH
R,K,AH,T
B,AA,N,D
IH,L,Y,AH
N,IH,N,K
P,L,AY,T
P,AY,L,IH
T,R,AY,K
S,T,AA,K
M,AH,K,AH
N,IH,T,S
D,M,AA,R
T,ER,D,IH
D,EY,Z,AH
F,AO,R,S
T,S,K,AH
T,AH,S,T
AA,R,D,AH
D,AH,N,D
K,SH,AH,N
AH,N,IY,Z
AA,F,AH,T
IH,V,EH,N
T,AO,L,IH
L,AH,T,IH
IH,K,AA,N
AH,D,UW,S
R,IY,S,K
EH,D,B,IH
V,M,AE,N
L,EY,SH,AH
M,AH,N,T
W,AO,R,T
T,AH,D,IH
IY,S,EH,D
S,UW,T,T
AH,N,S,IH
AH,N,AE,N
AO,R,IY,T
K,L,ER,K
AE,N,AO,R
L,Y,AH,N
IY,L,D,T
TH,ER,AY,Z
Z,F,R,AH
AW,N,S,AH
L,EY,T,IH
AH,N,IH,K
N,S,IH,D
AH,JH,AH,Z
T,DH,AH,K
S,AH,L,T
L,UW,D,Z
M,AH,N,AH
K,EY,T,AH
Z,S,EH,D
D,ER,K,AH
N,D,P,R
P,EH,R,D
L,S,OW,K
D,HH,AO,L
DH,AH,S,IH
S,EH,V,AH
T,IH,N,K
EH,D,IH,T
AH,N,UW,IH
F,IH,SH,AH
EH,L,AA,N
K,AH,T,IH
EH,G,Y,AH
R,EH,S,IH
M,Y,IH,R
L,AH,V,IH
N,D,P,R
N,AA,M,AH
IH,L,EH,K
N,S,S,IH
EH,D,IH,T
L,Y,AH,N
DH,AH,EH,N
IY,S,EH,D
S,IH,S,T
IH,T,S,T
G,R,IY,D
OW,Z,D,AH
N,D,IH,D
AH,B,AA,N
M,D,AE,T
V,W,AA,Z
R,AY,AH,T
F,AY,L,AH
AE,L,AH,N
AH,N,AH,L
D,IH,SH,AH
AH,B,S,IH
EH,S,T,IH
M,AA,R,K
V,Z,F,R
HH,AE,D,T
AA,N,P,R
G,Z,EH,K
R,G,AH,T
IH,N,DH,AH
AH,M,F,IH
D,UW,AH,L
K,T,L,IH
L,W,IH,L
AY,P,AE,S
N,IH,NG,AH
N,K,ER,AH
L,Y,AH,N
T,B,AA,N
ER,S,IY,Z
IY,IH,K,S
UH,R,AH,N
IH,K,AO,Z
T,R,EY,T
F,IH,S,K
HH,OW,L,S
R,IH,L,Z
D,DH,AH,S
ER,K,AH,N
P,AA,L,AH
AE,D,P,R
AO,R,T,T
EH,Z,IH,D
AH,P,M,AH
N,L,OW,N
K,S,ER,S
D,UH,R,IH
L,IH,NG,T
K,AO,Z,L
AH,S,TH,R
K,AH,L,IH
AH,B,AH,L
W,IH,L,T
P,R,IY,Z
IH,K,D,IH
IH,SH,AH,L
Z,P,AA,R
JH,M,AH,N
IH,R,EH,N
EH,D,DH,AH
V,DH,AH,S
S,AY,N,D
D,Z,EH,K
L,UW,D,Z
NG,AH,N,D
S,T,M,AH
R,AY,T,S
Z,IH,SH,AH
NG,Z,IH,N
L,IH,T,AH
T,ER,M,AH
W,UH,D,T
K,T,AA,N
AH,D,DH,AH
M,AH,S,T
EY,T,AH,S
AO,R,EH,K
P,R,EH,Z
V,IY,EH,S
N,SH,AO,R
T,AE,K,S
N,B,OW,N
N,DH,AH,K
L,IH,N,D
T,S,IY,K
AA,R,K,AH
EY,K,ER,Z
AH,N,T,T
T,AH,D,T
S,S,EH,D
T,K,AH,N
S,IH,L,IH
S,T,AE,N
SH,AH,N,Z
IH,N,D,AH
K,S,IH,K
S,AH,B,S
R,UW,V,AH
S,T,Y,IH
T,W,AH,N
N,T,IH,L
D,DH,AE,T
AE,T,DH,AH
AE,T,DH,AH
T,P,R,AH
R,IY,AH,D
IY,P,R,AH
AA,N,T,T
K,L,AY,N
K,AH,N,D
UW,HH,IH,T
IY,Y,UW,T
K,AH,L,D
S,EH,K,S
F,AY,L,IH
EH,K,SH,AH
IH,K,T,IH
R,EH,P,R
S,EH,R,AH
K,L,AY,N
S,ER,T,IH
K,SH,AH,N
AH,K,T,S
M,AA,N,AH
L,AY,AE,Z
UW,T,EY,K
ER,Z,IH,N
T,R,EY,D
W,IH,CH,IH
AH,N,D,IH
Y,UW,AH,L
UH,D,AO,L
F,AY,N,AH
T,W,UH,D
L,OW,N,Z
SH,AH,N,IH
EH,D,DH,AH
AH,N,AW,N
AH,HH,ER,D
K,SH,AH,N
L,AY,N,D
S,EH,D,IH
IH,N,DH,AH
S,D,EH,T
AH,N,IH,K
D,B,IH,N
AH,N,D,N
AH,N,D,T
T,IY,R,D
K,AH,T,T
T,S,S,T
M,AH,N,T
N,IH,F,IH
ER,S,AH,S
L,AE,S,T
Y,AH,L,AH
R,AH,S,T
AH,M,P,L
R,JH,AH,Z
UW,ZH,UW,AH
N,W,ER,D
UW,M,AO,R
AY,N,W,IH
EY,JH,IH,N
IY,V,IY,AH
K,AE,SH,AH
G,R,AH,S
AH,B,AW,T
T,AH,N,L
S,EY,L,AH
IH,S,T,S
N,F,AO,R
EH,D,IH,T
L,IY,T,R
AE,T,DH,AH
AY,V,Y,IH
N,AH,G,R
R,T,IY,AH
NG,ER,G,R
T,K,AH,N
L,Y,AH,N
R,IY,S,K
Z,L,AY,K
HH,AE,Z,N
EH,N,IH,N
HH,AE,Z,IH
P,AA,R,L
AH,N,AW,N
S,IH,N,T
W,AA,Z,IH
UW,W,ER,K
AH,JH,ER,N
ER,S,T,K
AE,K,T,AH
T,EY,K,AH
S,T,EY,T
T,M,IH,L
S,AH,N,D
T,Y,IH,R
AH,V,AY,D
OW,L,D,Z
AH,M,EH,S
T,IH,D,IH
AO,R,DH,AH
T,W,IY,K
S,W,AH,N
IH,N,DH,AH
N,Y,UW,D
IH,F,EH,K
N,S,EH,D
TH,W,AA,Z
AH,S,T,R
M,AH,N,T
UW,HH,OW,L
AE,K,S,K
IH,DH,DH,AH
N,F,EH,D
B,AO,R,D
SH,AH,L,AH
Z,M,AO,R
T,AE,F,S
R,DH,AH,K
D,T,EY,K
OW,F,AA,R
L,EH,JH,IH
M,IH,N,AH
IY,S,EH,D
M,P,AH,N
AE,K,SH,AH
W,AY,ER,S
L,F,R,AH
AE,K,SH,AH
AH,V,W,IH
HH,AE,Z,S
EY,EH,S,S
AO,NG,D,AH
N,D,R,IH
L,AH,JH,AH
K,T,AE,N
S,T,M,AH
DH,AH,Y,IH
EY,P,ER,AH
UW,M,ER,S
AH,K,T,S
S,EH,N,T
S,DH,AH,AH
L,AE,V,AH
ER,F,AO,R
AH,L,IH,S
UW,CH,ER,Z
M,EH,T,IH
AH,F,ER,D
N,DH,AH,IH
K,AW,N,T
M,AE,T,IH
S,T,AH,N
AH,Z,B,IH
AH,W,ER,L
K,SH,AH,N
ER,D,EY,T
N,S,T,IH
P,ER,EY,T
AE,T,DH,AH
P,R,IH,D
S,F,AO,R
K,L,AY,N
V,M,AA,N
T,R,EY,D
T,IH,V,L
AH,S,T,R
B,L,IH,K
T,AE,N,AH
P,AA,R,T
D,K,AA,R
IY,ER,Z,AH
T,L,IY,IH
EH,K,SH,AH
N,EY,SH,AH
V,D,IH,K
R,K,AH,T
T,AE,T,AH
AH,S,IY,Z
EH,S,V,IH
T,R,AY,IH
B,AH,T,K
D,AE,N,AH
T,IH,N,K
T,AA,R,AH
JH,IH,T,D
F,ER,AH,N
S,P,AA,R
R,IY,Z,IH
D,AE,T,L
S,M,AH,N
EH,K,Y,AH
M,AH,T,IH
IH,SH,AH,N
P,ER,S,IH
D,T,UW,R
UW,B,IH,T
OW,S,T,AH
EH,N,D,IH
T,DH,IH,S
EH,N,IY,K
R,EY,T,AH
EH,R,IY,D
T,ER,AH,N
K,IH,N,T
T,AA,P,S
ER,IY,IH,Z
IH,NG,K,R
Z,B,IY,IH
T,OW,L,D
EH,R,F,AH
DH,AE,N,IH
N,AH,B,R
AH,N,T,IH
T,R,EY,N
M,AA,R,K
IH,G,AH,T
P,EY,T,IH
ER,D,AW,T
EY,K,AH,N
T,AH,G,R
EH,N,HH,AH
F,R,AE,K
R,AH,P,S
S,IH,N,S
EH,K,S,T
T,IY,IH,K
L,HH,EH,L
IY,D,ER,Z
T,L,IY,S
W,ER,L,D
AH,L,B,IH
R,AH,N,AH
D,IH,Z,IH
IY,N,DH,AH
B,AH,L,R
S,K,AW,N
EH,S,T,T
W,AA,N,T
N,EY,SH,AH
K,T,AH,D
AH,N,DH,AH
N,AA,N,IH
AH,L,IY,AH
Z,S,EH,D
D,T,UW,K
V,ER,DH,AH
D,DH,EY,IH
P,EY,SH,AH
AH,T,EH,R
N,T,ER,N
JH,F,IH,K
R,AH,D,AH
S,K,AH,T
AH,D,AA,L
AH,R,EH,L
B,IH,G,AH
N,AH,N,T
L,M,IY,T
EH,S,T,S
EH,D,AH,T
M,P,AO,R
B,IY,IH,N
ER,V,EH,N
K,IY,P,AH
V,AH,L,N
DH,R,IH,S
ER,R,AW,N
N,T,IH,N
R,JH,IH,N
AH,N,AW,N
AH,S,EH,L
AH,M,AE,S
IH,Z,AH,L
W,EY,Z,IH
N,D,ER,S
P,AA,L,AH
L,ER,W,IH
AH,R,IH,Z
R,M,AH,L
P,IH,NG,L
S,AH,V,S
L,ER,EY,T
D,AH,B,AH
V,AH,P,R
R,AH,V,IH
UW,IH,NG,S
T,AA,N,S
N,D,IH,N
R,EY,T,K
EH,D,W,AH
EH,L,P,T
R,DH,AH,AH
K,AH,N,K
R,T,ER,R
SH,AH,N,Z
T,UW,DH,AH
T,M,AO,R
AA,N,P,R
P,R,AY,S
AA,D,AH,L
L,AE,N,T
D,UW,S,IH
D,AH,TH,R
AH,N,TH,S
S,T,AE,T
AH,M,AO,R
IH,TH,AW,T
IH,S,K,AH
SH,AH,L,S
W,IH,DH,AH
N,DH,AH,S
P,R,AA,D
K,AE,S,T
D,DH,AH,R
AA,N,S,K
M,IH,SH,AH
IH,T,R,AH
T,L,IY,K
DH,AH,M,AH
AH,G,EH,N
K,IH,NG,AH
EH,P,ER,AH
AE,Z,IH,N
S,IY,D,IH
EH,S,CH,AH
EY,SH,AH,N
EH,N,SH,AH
UW,T,EY,K
EH,ZH,ER,Z
AH,L,IY,D
HH,IY,B,IH
K,AA,N,T
F,IY,L,D
AY,Z,D,IH
D,T,UW,IH
R,T,IH,D
HH,IH,Z,K
L,M,IY,T
P,AA,L,AH
T,W,UH,D
D,AH,N,D
S,EH,D,N
AH,DH,ER,T
K,AA,N,AH
AH,N,D,D
EY,D,IH,T
AY,D,EH,N
N,Z,D,IH
R,F,AY,T
NG,HH,IY,R
Z,AH,B,AH
L,M,OW,S
V,AH,L,AH
N,T,AH,N
R,EY,D,S
SH,AH,N,IH
R,IH,N,S
P,R,AY,S
R,OW,S,D
L,EH,N,D
AY,S,AH,Z
IY,AH,L,Z
JH,IH,Z,AH
HH,AE,Z,S
AH,L,IY,D
N,SH,AH,L
AH,L,AE,T
IY,AH,L,IH
EY,SH,AH,N
R,L,IY,K
Y,EH,N,R
AH,S,T,R
T,UW,P,R
K,AO,Z,AH
T,AA,R,S
EY,B,AH,L
K,R,UW,D
ER,S,T,AH
ER,EY,T,IH
IH,N,AE,N
AE,S,EH,K
K,S,AA,N
M,AH,N,AH
S,IH,S,T
AA,M,P,L
R,K,AH,T
D,IH,K,T
V,AH,S,AH
L,IY,K,AH
IH,NG,TH,R
T,UW,F,IH
IH,N,OY,L
IH,N,DH,AH
T,R,AE,S
K,F,IY,T
IH,T,IH,Z
K,Y,UH,R
K,ER,AH,N
N,D,Z,AH
K,T,AH,D
JH,UW,AH,L
R,UW,D,R
NG,P,R,IH
EH,N,T,IH
K,T,AH,D
OW,K,AH,L
M,P,AO,R
IY,V,IH,N
S,AE,N,IH
V,AH,T,S
AY,DH,AH,K
L,EH,JH,D
AA,N,AE,N
AY,AH,N,T
EH,R,IY,AH
S,T,M,AH
AH,CH,AH,T
M,P,AH,N
SH,W,AO,T
AA,R,K,AH
M,EY,N,T
N,AH,S,T
AH,N,AE,N
AH,L,Z,IH
R,EY,T,S
Z,AE,Z,L
K,IY,M,Z
T,R,EY,D
AH,N,G,AH
N,AH,G,R
N,AH,N,D
JH,ER,Z,S
DH,ER,K,AH
F,AO,R,AH
S,P,EH,N
W,IH,L,R
P,OW,K,S
NG,K,S,T
R,AE,G,D
ER,EH,N,D
AH,N,IY,S
IY,S,EH,L
UW,DH,AH,T
K,AO,R,D
AA,L,AH,T
S,EY,L,Z
HH,EH,JH,IH
AH,V,DH,AH
DH,AH,S,T
ER,W,EY,AH
AO,R,T,T
L,D,DH,AH
V,ER,IH,Z
AH,N,T,R
D,AA,P,AH
ER,M,AH,N
T,S,EH,R
AA,N,T,R
P,L,IY,T
AE,V,B,IH
V,IY,HH,IH
L,EY,SH,AH
T,UW,B,IH
UW,F,AA,L
ER,Z,IH,N
T,S,IH,T
AE,T,IH,K
ER,AH,V,S
EY,SH,AH,N
R,K,AH,N
AH,P,IH,T
IH,L,Y,AH
N,AH,P,R
L,AY,JH,D
AH,JH,M,AH
T,S,AY,D
V,EH,S,T
R,AA,N,IH
L,AA,G,IH
AH,S,OW,S
R,IY,K,AH
IH,NG,P,R
IH,K,AH,N
EH,K,AH,N
S,G,R,AH
AE,NG,Z,AH
D,Z,IH,N
F,AY,V,AH
K,AH,M,IH
AA,N,S,AH
AH,D,AH,K
EH,K,T,AH
EH,R,Z,AH
EY,N,Z,AH
AH,N,T,R
AH,F,EY,S
EH,V,AH,N
R,D,W,IH
T,AH,L,Z
N,W,ER,T
ER,F,AO,R
W,UH,D,R
ER,EH,K,T
S,T,AA,K
AH,B,AH,L
AY,M,AO,R
K,HH,OW,L
AH,L,K,AH
D,S,AO,S
AH,M,P,AH
R,EH,D,AH
IH,N,DH,AH
AA,R,AO,L
S,K,AH,T
AH,CH,AE,Z
ER,EY,T,IH
R,AH,N,T
L,S,IH,K
ER,M,IH,T
AH,N,D,R
P,R,AY,S
S,W,IY,K
B,IY,DH,AH
T,IH,K,AH
AE,T,IH,K
R,AA,F,IH
K,AE,P,IH
OW,K,AA,S
M,EY,K,L
AH,JH,UH,R
R,EY,D,Z
S,F,AO,R
Y,IH,R,N
AH,L,AH,Z
M,AH,N,T
AY,S,AH,Z
AO,R,T,S
AO,R,AE,N
Z,AH,L,Z
IY,K,AH,T
N,IH,NG,L
N,D,W,IH
IH,N,D,AH
T,AH,D,IH
UW,V,D,D
S,EY,L,Z
N,AA,L,AH
S,T,AA,R
L,AH,P,AH
M,EY,N,T
IH,N,AH,N
IH,NG,AH,N
HH,OW,L,D
T,UW,SH,AH
F,AO,R,AH
UW,S,ER,Z
R,AE,N,S
EH,T,EH,K
EH,T,F,AH
SH,AH,N,Z
V,IY,EH,S
EH,T,AH,L
AE,SH,AH,N
T,HH,AE,Z
Z,D,IH,N
EH,V,AH,N
D,B,UH,L
IH,NG,P,R
L,AH,B,AH
CH,AA,R,R
S,F,UW,D
Z,OW,N,D
UW,P,R,AH
AA,R,D,IH
UW,P,R,AH
T,M,OW,S
Z,P,R,AH
T,UW,AH,L
AH,L,IH,S
D,IH,N,S
R,UW,D,Z
P,EH,R,AH
T,OW,T,AH
AH,N,AW,N
AH,DH,ER,AH
M,EY,T,AH
CH,ER,OY,L
IH,N,K,R
Z,D,P,L
Z,IH,NG,K
IH,N,S,AH
ER,M,AH,N
R,M,AH,N
DH,AH,S,AH
L,AE,S,T
OW,K,AH,L
P,R,AH,D
AH,L,Z,T
B,EY,S,T
R,AY,V,Z
N,SH,UH,R
S,F,AO,R
AH,S,EH,K
IH,SH,AH,N
T,AH,N,D
T,AO,R,Z
Z,ER,V,AH
K,AH,N,T
M,AH,N,AH
M,P,AH,N
AE,T,W,IH
AO,R,D,IH
IY,HH,AE,Z
D,P,R,AH
AH,N,T,IH
AO,Y,ER,Z
W,IY,N,L
IY,K,W,IH
F,AO,R,AH
R,IH,K,AH
D,EH,F,AH
EH,D,DH,AH
AH,N,T,R
R,T,ER,D
EH,S,CH,AH
UH,D,P,R
P,HH,IY,S
AH,V,DH,AH
T,S,AA,R
P,L,AH,S
V,N,AA,N
W,AO,R,T
AH,P,M,AH
AE,N,SH,AH
AE,Z,B,IH
S,T,R,AH
D,AE,T,AH
M,B,ER,Z
S,T,EH,N
V,ER,T,AH
F,ER,M,Z
Z,DH,EH,R
S,IY,D,IH
R,EH,P,R
K,T,AH,D
EH,T,AE,T
W,IY,N,R
Z,IH,NG,IH
EH,R,IY,AH
R,AE,NG,K
T,OW,L,D
V,L,IY,S
JH,OY,Z,K
D,L,IH,S
UW,P,AO,N
Y,IH,R,Z
IH,K,AH,L
L,AY,N,IH
K,T,IH,D
AO,R,P,R
EH,S,T,IH
IH,T,AH,K
B,UW,S,T
AH,T,P,L
D,IY,AH,T
EY,M,AH,N
S,T,Y,IH
AO,R,M,Z
K,AA,N,AH
V,Y,IH,R
D,B,IH,K
R,T,IH,D
L,ER,IY,Z
M,P,AH,T
AH,T,OW,T
NG,L,AY,N
AH,T,K,AH
T,IH,N,T
N,D,F,AH
AE,K,G,R
M,AH,N,T
AH,AE,B,S
EH,K,AH,N
N,AA,M,IH
N,S,AH,N
M,EH,R,AH
D,HH,AE,Z
Z,F,R,AH
S,OW,D,AH
R,AY,S,AH
AH,D,AE,N
N,K,AH,N
R,OW,TH,R
EH,N,D,IH
IH,N,DH,AH
UW,S,EH,L
S,T,IH,N
T,AH,K,AH
AH,L,AY,T
N,EH,K,AH
N,T,IH,L
IY,Z,AH,N
T,UW,L,IH
EH,L,D,D
S,B,IH,D
Z,IH,N,IH
AH,S,IY,D
AA,R,K,AH
Z,F,R,AH
IH,Z,S,IH
AA,R,M,S
IH,S,Y,IH
K,T,AH,D
AH,N,T,S
UW,B,IY,L
M,AH,N,T
SH,IY,N,T
S,EH,D,IH
T,AA,R,N
M,IH,K,S
AH,M,P,AH
N,IY,AO,R
AA,N,T,R
AH,B,S,K
AH,L,K,AH
L,K,AH,N
AH,N,T,S
AH,V,OW,T
R,UW,V,AH
D,T,UW,K
F,AH,S,IH
S,EH,D,IH
M,AH,N,S
S,AH,N,D
IH,SH,IH,Z
IY,N,DH,AH
N,TH,IH,N
M,F,ER,T
P,AA,L,AH
D,HH,IY,IH
R,AA,B,AH
B,AH,B,L
AH,M,AH,N
W,EH,S,T
S,EH,S,AH
D,AH,N,D
AH,N,IY,Z
AH,S,T,R
M,IH,SH,AH
T,ER,TH,R
R,AH,L,D
D,EH,K,S
UW,V,D,IH
W,IH,CH,N
N,AH,S,K
T,EH,R,AH
IH,S,IH,Z
AA,N,ER,K
W,ER,L,D
D,V,AY,Z
AY,S,AH,Z
AH,V,S,T
R,AH,L,Z
IH,L,Y,AH
R,IY,M,AH
D,F,OW,K
S,F,ER,S
M,AH,N,AH
M,AH,N,S
IY,F,R,AH
D,EH,S,T
AH,V,DH,AH
IH,N,HH,IH
Z,AH,M,AH
AA,Z,AH,N
L,AH,B,AH
AH,N,D,L
IH,L,IH,T
K,W,UH,D
Z,AH,N,D
V,ER,P,R
AH,N,S,T
K,L,IY,T
Z,AH,N,AH
AH,P,M,AH
EY,T,S,T
T,ER,M,IH
UW,L,UH,K
ER,SH,EH,R
IH,N,K,AH
Y,AH,T,IH
AH,N,AH,N
AH,N,IY,S
K,CH,ER,AH
N,F,AO,R
S,AH,N,D
W,IH,L,K
W,AA,Z,R
N,S,T,IH
DH,ER,IH,N
IH,L,Y,AH
AH,N,T,T
SH,AH,N,S
AH,P,AO,R
K,L,IY,T
S,T,IH,D
M,T,OW,L
EH,T,AH,T
S,AW,N,D
S,P,EH,K
P,T,AH,N
B,IH,N,S
K,AO,R,D
D,IH,V,IH
K,EY,ZH,AH
AH,G,AH,L
AH,N,S,IH
M,ER,JH,D
UW,T,IH,D
S,P,AY,T
EY,SH,AH,N
P,AA,L,AH
DH,AH,K,AH
S,T,S,AH
T,F,R,AH
R,UW,V,AH
OW,Z,D,S
IY,N,DH,AH
ER,CH,AH,S
S,AY,D,IH
IH,M,P,R
M,ER,JH,D
S,T,K,AH
T,F,R,AH
P,ER,M,IH
R,OW,G,R
M,AA,D,AH
K,T,IH,D
Z,V,OW,T
Z,F,AO,R
AE,D,W,AH
EH,R,AH,N
AH,JH,AH,S
R,IY,M,AH
R,IY,S,T
N,Z,AA,N
F,ER,T,T
EH,K,T,S
N,HH,AE,D
AH,D,DH,AH
AH,P,ER,S
R,UW,V,D
K,W,AH,Z
IH,NG,Z,AH
Z,P,AA,R
IH,Z,AE,N
D,IH,D,N
Z,AH,V,AH
IH,SH,AH,L
M,AH,N,T
W,AY,ER,D
OW,ZH,ER,D
L,K,Y,AH
M,IH,SH,AH
D,IH,S,K
T,OW,T,AH
AO,R,AE,N
AO,R,SH,IH
AE,D,AH,D
S,AH,P,L
IH,NG,IH,N
D,T,UW,D
CH,AH,N,D
SH,AH,N,IH
AY,V,Y,IH
EH,K,T,IH
V,IY,EH,S
L,AH,M,IH
K,R,EH,D
EH,D,IH,T
IY,D,ER,Z
S,EH,N,T
AH,N,S,AH
IH,T,ER,N
IH,R,D,T
D,HH,AE,Z
N,JH,AH,Z
D,T,UW,K
EY,T,ER,L
B,AA,N,D
N,T,R,IH
NG,K,AH,N
R,UW,P,AH
IY,EY,SH,AH
K,ER,AH,N
L,T,IH,N
AH,L,IY,K
K,AO,Z,IH
D,N,AA,T
R,EY,N,Z
F,ER,S,T
IY,K,W,IH
S,K,AE,N
R,IY,D,T
D,Z,T,AH
R,EH,S,IH
Z,F,AO,R
S,EH,N,T
EH,D,EH,N
P,AO,R,T
T,B,AH,T
L,M,EY,K
R,AH,M,R
L,AH,JH,IH
T,D,IH,T
K,AE,T,AH
D,DH,AH,K
L,AO,S,T
Z,AH,V,L
AH,F,AY,Z
ZH,P,AA,S
D,IH,NG,N
T,R,EY,D
AH,N,S,T
AW,N,S,T
AE,N,R,IH
D,Y,EH,S
P,AO,R,T
AH,N,T,AH
P,R,OW,T
AE,N,S,AH
JH,AH,N,K
AH,N,Z,AH
Z,M,AE,N
AH,Y,IH,R
ER,R,IH,T
V,T,AH,N
T,S,AA,R
R,EH,V,AH
M,AE,T,IH
P,L,AH,S
UW,S,ER,Z
EY,T,AH,D
V,D,AW,T
Z,AA,R,L
AH,T,AH,L
F,AY,N,AH
K,S,M,AH
AA,R,AO,L
L,B,IY,AH
N,IH,K,S
P,EH,R,D
R,K,AH,T
M,AA,N,IH
SH,AH,N,Z
AY,F,AO,R
AE,NG,K,K
IH,T,W,IH
ER,Z,B,IH
K,T,AH,D
EY,T,AH,D
IY,Z,AO,L
IH,N,DH,AH
AH,V,DH,AH
EH,S,AE,L
EH,N,S,T
HH,AW,K,L
T,R,EY,D
IH,SH,AH,N
S,T,EY,T
AA,JH,EH,K
S,AO,F,IH
D,IH,NG,R
P,R,AH,D
EY,T,M,AH
EH,V,AH,N
UH,D,Z,AH
T,F,AO,R
R,D,W,IH
K,AH,N,T
T,W,IH,L
AE,N,SH,AH
AA,Z,P,R
AA,K,IH,K
AA,N,DH,AH
F,EH,R,L
L,AH,N,T
G,AA,R,D
JH,T,AO,K
AE,K,S,K
N,D,IH,N
Z,S,EH,D
T,ER,AA,N
S,S,EH,D
S,T,AO,L
S,W,UH,D
B,AH,L,D
NG,K,IH,T
W,IH,CH,S
AH,V,G,L
D,HH,AA,R
EH,N,T,AH
S,AH,T,IH
P,EH,T,IH
AO,Z,DH,AH
F,AE,K,T
AE,V,R,IH
AE,N,SH,AH
D,V,AE,N
L,B,IY,R
S,IH,F,IH
T,UW,DH,AH
EY,S,EH,D
N,IH,K,S
D,DH,AH,R
EY,SH,AH,N
AH,T,IY,Z
G,EH,N,S
IH,N,AH,L
AH,V,DH,AH
K,AA,M,AH
R,EY,D,IH
R,P,ER,AH
IH,SH,UW,IH
IH,L,R,IH
N,D,ER,R
EH,R,Z,T
K,IH,NG,AH
L,OW,N,K
L,UW,SH,AH
ER,AH,N,D
K,AH,T,R
B,AH,JH,IH
AE,K,T,K
N,S,AH,Z
Y,AH,T,IH
NG,K,IH,K
OW,T,S,D
B,AY,DH,AH
T,IH,T,S
S,EH,D,IH
T,ER,Z,D
SH,AH,N,R
L,IH,SH,T
W,ER,IY,Z
CH,M,IH,R
JH,R,EY,T
EY,T,IH,N
AH,N,S,IH
S,D,IH,S
K,T,W,IH
D,AE,T,L
S,F,AO,R
T,UW,D,IH
W,AA,Z,K
K,AA,N,D
M,AH,L,T
S,AH,JH,AH
L,M,IY,T
R,DH,AH,S
IH,L,AH,T
AA,L,V,D
M,P,AH,N
M,IY,T,IH
P,AH,L,Z
ER,AE,V,R
ER,EY,T,IH
S,EH,T,S
N,T,R,AH
AH,N,B,IH
AA,M,IH,K
IY,AH,T,K
P,ER,T,AH
AO,R,T,IH
B,ER,S,AH
N,AH,N,D
IH,M,AH,L
Z,AH,N,D
R,D,W,IH
IH,F,AO,R
EH,N,SH,AH
AE,Z,K,AH
AH,S,EY,L
N,D,B,IH
T,M,AH,N
M,EY,K,S
K,AE,P,AH
M,AH,N,T
L,P,R,AH
N,DH,AH,R
W,AO,R,T
EY,SH,AH,N
M,P,AH,N
IH,NG,D,IH
AH,B,AW,T
S,T,UW,AH
AE,N,AH,L
SH,AH,N,Z
EH,R,M,AH
V,IY,EH,S
Z,F,AO,R
OW,T,AH,L
M,AH,N,T
R,M,AH,L
P,AW,N,D
S,AY,N,AH
AH,S,ER,R
T,AH,N,AH
AH,N,AH,N
AH,N,D,IH
NG,AH,N,D
M,OW,S,T
V,IH,T,S
T,S,B,IH
B,IY,D,IH
T,R,AH,S
EH,K,T,S
V,IY,EH,S
UW,T,AE,K
AH,N,AH,N
CH,UH,R,AH
T,R,AY,K
N,IY,D,N
AH,B,L,IH
M,IY,T,IH
EH,T,W,AH
T,UW,K,AH
AE,Z,M,AH
IY,S,OW,L
IY,AH,N,D
AH,N,IH,K
Y,IH,R,AH
S,AH,B,IH
S,IH,N,K
N,AA,N,K
T,IH,NG,S
UW,Z,AH,N
AH,N,D,K
V,L,AY,N
IY,AH,S,L
L,Y,AH,N
IY,B,IY,IH
AH,P,OW,Z
NG,F,AH,N
AH,M,AA,R
K,SH,AH,N
EY,S,AH,S
EY,M,IH,Z
N,T,S,AH
Y,UW,Z,T
DH,AH,P,L
EH,S,B,IH
N,OW,K,R
AH,N,T,S
W,AO,R,T
EH,D,IH,T
UW,AO,F,AH
TH,R,EY,T
V,EH,S,T
L,EY,T,AH
W,ER,K,T
L,EH,D,T
K,L,IY,T
T,ER,AH,L
W,IH,CH,K
T,Y,IH,R
L,ER,EY,T
IY,P,AO,R
IH,M,AE,N
M,AE,N,D
AY,S,AH,Z
R,EH,S,IH
Z,B,IY,IH
M,F,ER,T
AH,N,D,K
AY,DH,EH,R
NG,AH,G,R
M,EH,S,T
W,EY,JH,AH
M,AA,D,AH
M,B,EH,Z
ER,M,AH,N
L,EH,S,K
Z,R,IH,L
IH,L,IH,K
IH,L,K,AH
ER,V,AH,S
P,EH,SH,AH
DH,AH,Y,IH
T,IY,IH,N
L,IH,R,IH
HH,OW,L,D
N,AH,N,AH
AE,Z,G,IH
T,EY,SH,AH
F,DH,IH,S
IY,EH,S,L
D,AH,P,R
N,L,OW,N
AH,L,ER,L
ER,IH,N,K
P,L,IY,IH
AA,Z,OW,N
T,IH,N,IH
EH,S,K,AH
T,IH,V,AH
ER,HH,AE,Z
P,R,AY,S
B,AW,T,N
AH,M,AO,R
F,AO,R,S
AH,L,Z,AH
D,F,AO,R
L,ER,T,R
IH,T,S,AH
SH,AH,N,K
AE,B,AH,N
L,F,AH,T
S,ER,P,L
AH,N,AH,L
EH,N,D,IH
N,D,R,AH
EH,S,EH,N
K,AH,M,IH
S,T,EY,T
P,ER,EH,R
L,Y,AH,N
L,IY,ER,D
AH,P,IH,T
IY,R,IY,S
ER,P,L,AH
S,M,AH,N
Z,S,AE,T
B,AE,NG,K
AH,V,ER,AH
N,Z,B,IH
L,AY,N,Z
AE,M,T,R
M,AA,R,K
AH,N,AH,L
K,AH,T,S
EH,N,IY,S
S,IH,F,IH
AA,F,AH,T
IH,SH,AH,S
S,P,AO,R
R,OW,L,D
P,ER,P,AH
AE,N,D,L
EH,K,S,T
R,AA,R,N
W,AO,R,AH
ER,P,AA,S
Z,L,AY,K
T,UW,IH,K
S,T,M,AH
S,EH,D,IH
AH,N,T,K
S,ER,Z,AH
K,S,T,K
T,T,AH,D
S,EH,V,R
K,SH,AH,N
S,AH,N,IH
D,EH,T,AH
B,AH,JH,IH
JH,AH,B,AH
EY,D,AH,N
L,D,F,R
AW,T,IH,K
K,AH,N,S
R,AA,R,S
S,T,ER,Z
R,EY,D,S
F,IH,G,Z
EY,S,T,T
V,IY,EH,S
IY,S,EH,D
AE,T,W,IH
EY,B,AH,L
AH,L,AE,T
P,EH,N,D
V,IH,T,S
M,AH,N,T
ER,Y,UW,T
IH,T,IH,Z
AH,N,T,L
K,AH,S,T
IH,D,T,R
D,EH,T,AH
B,AY,N,IH
SH,EH,R,AH
N,Z,OW,N
P,T,EH,N
N,T,R,AH
ER,Z,IH,N
DH,IH,S,K
JH,EH,K,T
NG,AA,N,IH
K,AH,N,D
Z,W,UH,D
AH,K,EY,S
AA,R,Z,AH
R,K,AH,T
P,EH,SH,AH
S,T,IH,D
IH,R,IY,AH
S,T,AE,N
AH,V,DH,AH
R,HH,OW,L
AH,N,T,IH
L,EY,DH,AH
EH,JH,UW,L
M,AH,N,T
AH,N,IY,S
G,IH,N,Z
IH,DH,M,AH
IH,NG,W,IH
Y,IH,R,Z
IH,N,D,AH
IH,S,IH,T
M,AA,R,K
D,JH,AH,S
IH,SH,AH,N
N,T,IH,Z
P,L,EY,N
EH,R,IH,N
N,R,IY,L
DH,DH,AH,N
IH,DH,AE,N
AH,B,AA,D
N,S,EH,D
P,L,AE,T
L,Y,AH,N
P,R,AY,S
T,UW,D,IH
EY,N,EH,K
ER,AH,V,IH
IY,P,R,AH
AH,S,IH,S
IH,L,Y,AH
HH,IY,TH,IH
IH,L,AE,D
L,R,IY,S
T,EH,N,D
R,EY,D,IH
M,P,AH,N
R,T,ER,IH
W,UH,D,N
V,IH,T,S
AA,P,SH,AH
IY,T,S,IH
AA,R,K,AH
DH,AH,T,R
EY,K,ER,Z
AH,L,Z,AH
AH,B,AW,T
NG,S,EY,L
D,IH,D,T
T,Y,IH,R
OW,T,UW,K
ER,P,ER,IH
NG,AH,V,T
R,K,AH,T
ER,V,EH,S
R,AH,L,K
K,AH,N,T
K,S,K,AH
AH,S,T,R
W,AA,N,T
G,AA,R,D
SH,AH,N,S
IH,N,S,T
AE,NG,K,S
AE,P,AH,T
T,AE,N,AH
K,AH,P,R
V,IH,N,T
AH,L,IH,N
S,B,IH,Z
ER,AO,L,S
S,T,Y,IH
N,D,AA,L
SH,AH,N,AH
EY,SH,AH,N
Z,AH,K,R
M,AA,R,K
R,EY,D,IH
P,OY,N,T
S,EH,D,IH
D,B,IY,L
R,Z,B,IH
R,T,D,IH
DH,EY,IH,K
T,S,AH,N
N,T,AH,N
S,M,IH,N
AH,R,IH,S
K,AO,L,D
UW,DH,AH,D
IH,L,K,AH
R,DH,AE,N
L,S,EY,L
AH,L,IY,R
T,P,AA,R
ER,L,IY,N
T,M,AH,N
R,AH,N,D
AH,D,IH,N
N,D,W,IH
K,AO,R,D
L,AY,N,D
K,M,AA,R
F,L,OW,Z
S,M,AH,N
T,EY,T,S
D,Z,AE,T
AH,N,OW,N
AH,M,AO,R
M,AH,S,T
IY,M,AE,N
T,R,AE,K
AH,N,D,IH
AH,B,IH,L
B,AY,IH,N
IH,T,AY,R
T,AY,R,D
S,T,OY,L
DH,AH,P,R
EH,D,IH,T
AH,JH,D,IH
AY,P,AA,R
M,S,T,AH
IH,SH,UW,D
AE,P,AH,T
NG,K,EH,S
SH,M,AH,N
R,T,K,AH
AH,V,S,T
S,K,AA,S
T,R,EY,N
W,AO,R,D
B,AE,NG,K
AO,R,AH,N
N,IH,K,S
IH,P,AA,R
T,IH,V,Z
K,AH,N,T
S,IH,N,S
N,T,R,AH
AO,R,S,S
N,AH,M,AH
IH,N,D,IH
HH,AE,Z,IH
T,AH,N,L
AE,K,S,AH
P,S,IH,N
R,IH,K,AH
AO,R,S,AH
P,AO,N,AH
D,AH,W,AH
AA,F,AH,T
P,EH,K,T
K,R,AW,N
P,R,AH,D
UH,R,DH,AH
K,L,UW,D
N,HH,AE,Z
AE,Z,B,IH
AA,R,P,AH
EY,JH,AH,N
IH,T,S,AH
K,T,ER,Z
IH,V,IH,D
T,ER,DH,AH
AH,M,P,AH
N,D,IH,S
D,IH,NG,D
S,HH,OW,L
AY,T,AH,S
EY,N,Z,L
N,T,ER,N
W,EH,R,D
Z,AA,R,S
IY,AH,N,D
ER,IH,JH,AH
IH,R,EH,N
S,IH,S,T
K,IH,NG,T
S,AH,S,AH
F,AH,N,D
W,AO,R,T
IH,Z,S,AH
L,AH,K,AH
L,S,OW,IH
Z,F,AO,R
S,IH,S,T
N,T,R,AH
AH,L,P,L
N,D,AH,D
W,AA,Z,AH
AA,N,K,AH
NG,L,IY,IH
OW,K,EY,S
S,P,EH,K
N,T,R,IH
P,AA,N,S
EH,D,IH,T
T,S,EH,D
AH,D,EH,T
F,AO,R,IH
AE,K,S,L
V,ER,S,T
N,D,M,AH
SH,AH,N,AH
Y,IH,R,IH
AE,DH,ER,IH
P,AH,Z,IH
N,W,AY,D
UW,D,IH,S
IH,L,S,AH
T,AH,L,IH
T,R,UW,L
S,UW,T,IH
N,T,AE,K
V,AY,R,AH
T,IH,S,AH
ER,S,AY,Z
K,W,AO,R
IY,DH,AH,R
IH,K,S,R
B,V,IY,AH
HH,AE,Z,S
IH,D,DH,AH
IY,Z,W,IH
R,AH,S,T
R,AH,N,D
NG,AH,N,D
R,AY,S,AH
Z,T,UW,K
S,S,EH,D
AY,N,D,AH
AH,K,SH,AH
S,F,R,AH
IH,N,D,AH
L,IY,OW,N
N,B,EH,L
K,SH,AH,N
AH,S,T,K
IH,Z,S,K
L,EH,V,AH
S,P,OW,K
T,UW,AH,S
R,IH,F,T
D,AE,N,T
AH,S,T,R
L,D,DH,AH
JH,AO,R,AH
IY,Z,IH,T
T,S,IH,K
K,R,EH,D
NG,DH,AH,T
AE,S,EH,T
AH,K,AH,L
AA,F,IH,T
IH,S,T,IH
B,IY,K,AH
ER,Z,AH,N
W,AA,Z,T
AA,Z,K,AH
S,IH,L,IH
AH,N,SH,IH
T,EH,K,T
N,ER,S,AH
T,OW,L,D
IH,M,AE,Z
IH,NG,TH,R
IH,M,AE,N
T,DH,EH,R
Z,IH,T,S
DH,AH,S,IH
AA,N,S,AH
D,L,OW,K
SH,AH,N,AH
T,L,EH,S
Z,B,IH,N
ER,EY,SH,AH
EH,D,DH,AH
IY,K,IH,Z
T,AE,Z,AH
T,M,AH,N
N,IY,EH,S
T,Y,UW,Z
V,N,AA,T
N,AA,T,S
B,AE,NG,K
S,DH,EY,S
B,AE,NG,K
UW,CH,ER,S
EH,L,AE,Z
IH,CH,IH,T
IH,T,S,S
D,K,AO,L
R,N,AA,N
EH,R,AH,N
AE,N,D,N
S,P,L,IH
Z,AH,N,D
K,AA,N,T
S,T,EY,T
L,Z,B,AH
S,ER,T,AH
JH,M,AH,N
IH,N,DH,AH
T,IH,NG,AH
G,R,EH,S
N,Y,ER,D
AH,SH,EH,R
F,ER,M,AH
L,IY,W,IH
S,DH,AE,T
D,W,IH,L
Y,UW,N,AH
AO,R,P,R
JH,DH,AH,D
M,AE,N,IH
UW,N,AH,T
P,L,AE,N
AO,R,D,IH
AH,L,EH,S
R,OW,L,IH
S,AW,T,S
T,W,ER,K
AH,L,IH,L
AH,N,IH,N
ER,P,R,AH
M,P,L,IH
N,T,IH,L
V,B,IH,T
AE,D,AH,D
AH,N,IY,S
Z,AH,L,S
K,AH,N,T
M,P,AO,R
IY,F,AO,R
V,ER,M,AH
AH,F,ER,IH
EH,N,AH,R
SH,AH,N,S
P,EY,DH,AH
AE,T,AH,L
UH,M,AH,N
AE,N,EY,D
AY,T,IH,N
V,DH,IH,S
IH,V,ER,S
R,IH,F,T
AA,Z,K,L
HH,UW,AE,S
S,T,AE,N
G,R,OW,IH
AH,K,SH,AH
N,AH,S,IH
HH,AE,Z,N
EY,SH,AH,N
IY,AH,F,IH
AA,N,S,T
V,DH,EH,R
S,EH,L,IH
AA,R,K,AH
EY,T,S,IH
T,S,AO,R
ER,Z,T,R
L,AE,N,Z
EY,SH,AH,N
F,EH,K,T
T,IH,N,T
IH,L,P,L
AH,B,IH,L
T,ER,AE,T
R,K,AH,T
F,AO,R,IH
Y,AH,T,IH
EH,R,AH,T
AH,P,R,AH
EH,K,S,AH
S,T,AE,N
EY,SH,AH,N
Z,IH,NG,IH
Y,IH,R,Z
M,AH,N,T
IH,NG,EH,K
L,S,OW,N
EY,T,IH,D
DH,AH,D,IH
AW,N,T,R
S,T,S,AH
AH,M,IY,IH
N,N,UW,L
IH,SH,UW,D
T,L,IY,K
AA,M,IH,K
N,D,ER,R
Z,DH,EH,R
OW,Z,D,IH
V,IH,JH,AH
AH,T,EH,S
IH,N,S,T
D,P,R,IH
DH,AH,P,L
OY,L,IH,N
AA,N,B,L
R,IY,JH,AH
IY,DH,ER,AH
AE,T,IH,K
SH,AH,N,AH
F,ER,M,L
S,EH,D,IH
NG,AE,Z,S
DH,AH,AE,K
AH,N,TH,S
AE,N,SH,AH
AE,K,SH,AH
IH,T,IH,K
IY,S,IH,N
S,EY,L,AH
L,UW,D,Z
ER,CH,AH,N
N,AH,L,IH
V,P,AE,K
EH,N,D,IH
V,R,IY,D
AH,G,EH,N
EH,K,SH,AH
D,ER,G,R
P,R,IY,AH
R,IY,M,AH
IY,F,AO,R
K,L,UW,D
DH,AE,T,AH
IH,SH,AH,N
EY,N,JH,AH
S,AH,B,S
M,T,UW,IH
N,D,L,IH
AH,S,T,S
CH,AH,S,IH
G,R,EY,D
S,AY,D,AH
W,EH,L,K
M,EH,N,T
T,UW,AH,K
IH,N,AH,S
N,W,ER,L
R,T,ER,AH
Z,S,EH,D
ER,Z,TH,R
IH,S,K,AH
D,AH,K,T
EH,V,R,AH
AA,F,AH,T
AH,AO,R,D
AH,D,AO,L
D,EH,S,T
L,D,R,IH
EY,K,AE,N
Z,IH,SH,AH
P,OW,K,S
IH,NG,S,AH
D,UW,S,T
EH,K,T,IH
V,IY,EH,S
IH,L,IH,T
AH,N,T,S
EH,M,B,AH
AH,P,EY,AH
V,IY,EH,S
AE,T,DH,AH
EH,R,Z,AH
N,OW,P,L
S,M,AH,N
K,W,IH,D
K,AH,T,D
IH,Z,IH,K
Z,AA,P,T
K,W,OW,T
IH,NG,B,IH
UW,D,EY,Z
AH,N,JH,D
N,W,EH,N
T,IH,NG,AH
AH,EH,S,K
D,M,AH,N
B,IH,N,S
D,DH,AH,R
T,EH,N,D
ER,AH,N,S
Z,IH,N,T
S,N,AY,N
Z,S,EH,D
Z,W,IH,L
S,L,AO,S
T,ER,D,IH
ER,AY,Z,D
S,EH,D,IH
F,AO,R,L
P,EH,N,S
AH,P,AO,R
L,IH,T,IH
AH,N,IY,S
IH,M,EY,N
R,OW,S,R
EH,R,Z,AH
AH,D,AE,D
M,ER,JH,IH
Z,W,AH,N
M,AA,R,K
R,T,AO,R
DH,EH,N,AH
S,ER,P,R
R,M,AH,N
R,EY,D,IH
EY,T,EY,K
ER,F,IH,R
S,AH,Z,AH
EH,K,W,AH
AH,V,DH,AH
K,AO,R,N
B,AY,W,IH
IH,L,K,AH
M,P,AH,N
AH,N,EY,T
EY,Z,DH,AH
R,IY,P,R
AH,N,IY,S
OW,S,T,K
AH,HH,AA,S
B,Y,AH,T
N,AH,P,L
AH,T,IY,Z
T,UW,K,R
UW,SH,AH,N
K,AH,T,K
AA,F,AH,T
R,AA,F,AH
M,AH,N,T
AA,F,AH,T
S,T,AA,K
AA,R,K,AH
K,AH,L,Z
V,IH,T,S
S,T,M,AH
EY,SH,AH,N
S,M,AH,N
IY,L,W,AH
AO,L,D,AH
N,T,IH,L
UW,AH,P,IH
W,AY,S,AH
IH,JH,B,AH
AA,K,EH,S
M,AH,N,T
EH,DH,ER,K
S,CH,ER,AH
IY,AO,L,S
R,T,IH,D
AA,R,AA,N
S,AH,K,R
AA,R,K,AH
UW,B,IY,D
ER,CH,AH,S
UW,SH,AH,N
D,Z,B,AH
Z,AH,N,L
NG,N,AH,S
SH,AH,N,AH
N,D,AH,K
D,P,AA,R
T,EY,K,IH
T,W,UH,D
EY,B,AH,L
AA,K,P,R
UW,HH,AW,L
T,AH,N,D
D,T,UW,AH
K,W,AA,L
AH,V,W,IH
M,AH,NG,IH
S,IH,Z,AH
OW,K,W,IH
Z,AH,L,Z
L,V,M,AH
M,AH,N,T
EY,SH,AH,N
D,DH,AE,T
N,T,ER,D
D,F,AO,L
P,OY,N,T
N,Z,IH,N
TH,IH,NG,K
L,K,AA,Z
L,AH,S,T
AH,L,M,IH
R,AE,M,T
ER,V,AO,L
IH,D,DH,AH
M,AA,R,K
D,IH,NG,D
P,AA,L,AH
IY,S,IY,N
AH,S,T,R
T,IY,Z,R
TH,IH,NG,K
AH,L,TH,IH
D,IH,N,AH
P,AE,N,D
IH,N,DH,AH
AY,S,AH,S
ER,S,UW,D
AH,N,AH,N
P,M,AH,N
HH,UW,K,AH
P,AH,B,L
N,UW,Z,K
AA,N,T,R
R,IY,EY,T
ER,D,W,AH
R,DH,IH,S
AH,T,B,AH
Z,S,EH,D
ER,CH,AH,N
EH,S,AH,S
T,R,EY,T
R,AH,V,IH
D,HH,IY,S
N,IH,T,S
L,IY,S,D
N,S,IY,Z
P,L,AH,N
N,Y,UW,D
P,R,EH,S
AH,T,IY,T
R,IH,Z,AH
T,AO,R,D
AE,R,IY,D
R,OW,G,R
AE,P,AH,T
D,M,AY,N
Z,N,EH,K
N,DH,AH,IH
S,EH,K,AH
AH,G,EH,N
K,L,OW,Z
EH,R,IH,N
N,IH,SH,AH
Z,W,UH,D
W,AY,ER,D
AH,N,AH,S
IH,Z,N,AH
W,IH,L,K
L,Y,AH,N
AH,N,D,AH
K,SH,AH,N
AH,L,Z,AH
S,EH,N,T
AY,S,P,R
R,AH,M,T
AH,N,UW,T
F,AY,L,IH
OW,T,AH,L
AH,N,T,AH
UW,DH,AH,K
R,Z,AO,R
M,P,AH,T
AH,L,IY,D
T,ER,M,Z
EY,SH,AH,N
AH,W,IY,K
D,S,IH,K
ER,T,UW,K
IH,NG,AH,N
T,EY,T,IH
AH,M,DH,AH
M,AY,N,D
S,AO,R,S
N,K,UH,D
AO,R,AH,S
S,T,S,S
F,AO,R,AH
T,IH,K,AH
P,AA,L,AH
AH,N,Y,IH
P,AH,Z,IH
W,IH,DH,IH
D,AH,B,IH
JH,R,AH,D
V,DH,IH,S
AW,N,T,S
S,R,IY,S
UH,L,IY,D
EH,T,IH,N
S,EY,L,IH
K,AH,JH,AH
L,Y,IH,R
V,IY,EH,S
ER,HH,IH,Z
T,AH,G,R
Y,UW,N,AH
AH,N,IY,S
M,P,AH,N
T,R,AE,N
V,IY,EH,S
R,AH,D,AH
AH,D,AH,K
AH,M,P,AH
AH,T,IY,AH
T,N,AY,T
Z,ER,EY,N
T,AE,K,S
T,UW,IH,N
L,EY,S,IH
R,IH,P,L
D,AH,Z,N
IH,CH,IH,Z
UW,T,UW,AH
R,OW,D,Z
L,IY,OW,N
N,T,S,IH
R,SH,UH,D
S,HH,UW,R
DH,ER,D,IH
M,AA,R,K
P,OW,Z,D
V,B,IH,Z
UW,EY,SH,AH
P,AE,K,T
SH,AH,N,AH
IH,N,K,L
V,IY,EH,S
IY,EH,S,S
AH,M,AH,N
OW,T,AH,L
Z,AH,M,AH
W,IH,DH,S
L,OY,IY,S
AH,M,F,AH
N,IH,NG,Z
AE,K,W,AH
S,T,IH,K
IY,R,IH,Z
S,T,AO,R
AE,M,DH,AH
L,S,OW,R
UW,Z,D,S
B,IY,EH,N
D,EY,T,AH
IH,R,IH,N
P,UH,T,R
IH,S,K,R
W,AY,D,L
AH,V,IH,T
AH,N,AW,T
EH,R,D,T
N,D,AH,K
T,OW,T,AH
HH,OW,L,D
D,D,IH,T
AH,B,AH,L
P,T,IH,K
IH,K,AH,L
NG,OW,N,L
AH,P,F,R
S,T,Y,IH
HH,EH,L,D
EY,W,IH,L
L,IH,N,IH
N,AH,S,AH
AO,R,DH,AH
IH,K,W,IH
D,K,AH,N
T,S,AH,N
N,T,DH,AH
TH,F,AH,L
AH,N,G,AH
SH,AO,R,T
IH,M,EY,N
Z,D,IH,S
S,B,IH,L
K,K,EH,R
T,UW,R,IH
AH,M,IH,N
T,P,EY,S
N,R,EY,T
Z,K,AO,S
S,EY,L,Z
L,OW,Z,D
EY,M,AH,N
EH,D,IH,N
S,ER,P,L
IY,F,AO,R
L,S,EH,L
M,K,L,IH
B,IH,Z,N
EY,SH,AH,N
T,S,EH,D
IH,N,D,AH
AA,R,K,S
R,L,EH,T
HH,OW,L,D
HH,IY,EH,N
T,W,UH,D
N,T,EH,S
D,IH,K,L
OW,M,F,R
L,Y,UW,AH
P,Y,UW,T
AH,V,DH,AH
N,EY,SH,AH
EY,SH,AH,N
IH,N,DH,AH
AH,IH,N,T
EH,V,AH,N
AH,R,AY,T
B,IY,T,R
